User_ID,Transaction_ID,Date_Time,IP_Address,Latitude,Longitude,Location_City,Amount,Payment_Method,Device,Merchant_Category,Suspicious
1,aae8adfa-ec05-4740-a39f-e0e524900419,2024-10-19 09:57:12,51.86.126.199,-22.062453,-56.564220,Ericstad,5418.82,PayPal,Tablet,entertainment,0
1,cc175a7b-3e63-4443-baef-c53d91772ac7,2024-08-01 00:49:53,137.172.244.216,73.6473865,13.351764,Riveraburgh,1667.46,Credit Card,Desktop,electronics,0
1,7be15712-3120-43c8-8b84-e3875ea2c912,2024-02-27 11:24:02,90.234.119.251,72.614177,-125.352522,New Ann,1791.95,UPI,Desktop,entertainment,0
1,54d098b3-db36-4623-a996-9ca490c12ffd,2024-09-18 21:52:10,200.242.219.28,-56.0838225,154.079279,Fitzgeraldtown,9590.64,PayPal,Tablet,entertainment,0
1,6bbd6f96-94e4-4bef-93bb-a880adbaacb5,2024-08-21 14:21:10,131.247.110.108,-9.1517115,-57.631733,Port Krista,2621.23,UPI,Desktop,fashion,0
1,e486774d-471d-470d-8967-1cca940ab953,2024-12-04 14:40:17,191.180.130.71,74.7666415,-74.286587,Hendersonstad,7232.19,Credit Card,Tablet,fashion,0
1,d556c36a-eb1a-418f-8d92-44d62efdac74,2024-09-25 01:11:06,156.253.6.100,-55.150496,21.341818,East Ambershire,2385.81,Debit Card,Mobile,grocery,0
1,ee9d31cc-a9af-4fb1-ab42-bb11eb5578f3,2024-07-08 13:07:52,14.140.122.240,43.0228575,52.616347,Lewisstad,2063.09,Net Banking,Tablet,entertainment,1
1,56d26a14-aa10-47ce-9bad-1922e924fe15,2024-12-14 08:39:21,159.114.145.133,21.5573725,-166.644550,Bendermouth,8946.92,UPI,Tablet,electronics,1
1,79f97b32-544d-443c-80eb-707f669b9763,2024-06-14 11:52:35,54.68.101.48,-66.2405765,-25.490142,Thomasberg,1694.7,Net Banking,Desktop,electronics,1
1,019f28f0-ee90-4f6a-9030-16e3c97c6bdb,2024-06-30 18:50:19,215.114.20.249,-17.2150645,-153.014357,Brianland,8045.03,Debit Card,Mobile,electronics,0
1,d068c710-e010-4e3a-8f91-a93cd48505b5,2024-05-17 21:06:19,188.248.85.154,31.795520,152.442527,New Andrea,4490.01,PayPal,Desktop,electronics,1
1,adceb5f2-1048-4584-8e15-a4116480405d,2024-01-17 06:35:40,121.206.249.57,14.0246065,134.197495,East Allison,339.76,Credit Card,Desktop,grocery,1
1,fe86e3fd-8187-47da-92f6-36b7646d7918,2024-02-10 07:06:52,96.184.154.125,34.6560415,11.288021,Janetberg,185.05,Net Banking,Tablet,grocery,0
1,4af1c5b3-f643-4a5d-8680-a00a8f07a5bd,2024-03-09 04:36:43,4.120.66.130,1.9695215,-177.552178,Smithfurt,9197.12,Net Banking,Tablet,fashion,0
1,9421f471-1661-41e6-83e9-696faa7f8b15,2024-06-21 21:28:14,176.237.208.11,89.1153105,161.066934,West Kevinfurt,7759.21,Net Banking,Desktop,entertainment,0
1,96bdd1ac-4bc3-4766-96a5-0d6a26a60649,2024-05-20 22:57:13,214.30.174.218,-78.733939,171.649878,Lake Matthewburgh,3859.77,Net Banking,Tablet,fashion,1
1,0fef5f25-1229-4434-9bbc-ce61184caf2a,2024-01-18 21:15:16,126.179.56.121,-11.947574,94.465140,Summersport,2340.99,PayPal,Mobile,fashion,1
1,8962c833-5daf-4333-ad93-6b1f28926bc5,2024-02-07 20:57:54,121.23.97.111,-63.489079,-65.657695,North Jerry,3120.29,UPI,Tablet,electronics,0
1,b9e48855-9a3b-4955-a7f8-862bc27841ba,2024-12-02 05:11:08,182.190.179.38,-81.8766295,-114.501982,Dylanchester,1854.73,PayPal,Desktop,grocery,0
1,2ea00f96-8f17-4ec9-ab45-1aff296b00de,2024-07-15 16:05:51,219.89.211.170,-9.5604295,124.337196,Jorgechester,1902.8,UPI,Desktop,electronics,0
1,4ae53014-5313-4c65-b1e3-cc4536b4b218,2024-02-14 03:48:57,144.223.194.210,64.6442805,80.462286,Williamburgh,9843.44,Net Banking,Mobile,food,1
1,646659ef-df22-407c-af77-a903dc58c7d3,2024-01-04 03:01:32,101.152.40.33,-16.567821,-102.934688,Karltown,1796.9,Debit Card,Tablet,entertainment,1
1,3eafc0c2-d23b-4e7b-b137-1be2bee33ed3,2024-05-18 09:25:19,92.180.138.227,33.9471045,-20.488491,South Brandonside,2770.43,Debit Card,Tablet,fashion,1
1,cac209c7-4649-44bd-b0cb-ddab1794938f,2024-11-14 08:28:07,38.167.52.117,70.379107,-28.626092,New Nicholasfurt,7554.03,Debit Card,Tablet,entertainment,0
1,774fb298-6442-4d17-a80a-6f52d3c3f9af,2024-11-26 19:00:30,205.112.62.188,-66.252054,23.115456,South Jessicafurt,7204.28,Net Banking,Mobile,fashion,0
1,ecafb5ac-f64a-47fb-84f9-392379d9cfc5,2024-02-24 04:40:12,206.158.176.74,73.136312,6.629231,West Savannahton,4826.92,Credit Card,Desktop,grocery,1
1,823b277e-1880-4dc1-b8c9-d98f77227b0a,2024-09-12 11:16:55,183.107.155.134,-11.494631,44.348070,South John,7775.93,Credit Card,Desktop,entertainment,1
1,74cb1319-48e8-4df0-b9d0-98c123411890,2024-02-02 06:35:22,197.226.6.91,-75.5438385,-1.294842,Thomasport,9810.39,UPI,Tablet,grocery,1
1,0ac023c6-590a-4366-ba1b-7d17b120b418,2024-02-07 10:49:40,64.196.253.139,-72.3128065,156.915738,West Scott,7985.4,Net Banking,Mobile,grocery,0
1,3f57b686-a617-4a6a-9f9a-dcb09557b2a5,2024-04-10 17:52:40,40.81.118.248,52.4635545,-32.765939,New Erica,8266.32,Credit Card,Mobile,fashion,0
1,35afaeab-b19f-4c56-9f2e-920f3e288a38,2024-09-08 22:45:09,52.239.86.120,48.419245,-24.060441,South Sandraside,3065.17,Debit Card,Tablet,entertainment,1
1,0b7ae884-6f1d-4fe0-be8a-af91de5e662a,2024-05-29 15:49:58,17.29.173.144,-77.409101,-102.808734,Reidfort,4660.67,PayPal,Mobile,entertainment,0
1,16e598d3-937d-441b-ad53-115abfb62998,2024-05-06 17:28:20,130.110.57.139,9.4922525,-154.876290,Lake Nathanburgh,273.0,Credit Card,Mobile,food,0
1,ab7cd7d4-4da7-4b12-841e-f7145cce28b4,2024-12-03 13:57:44,68.46.64.131,-72.138119,-143.577379,West Jenniferhaven,2942.46,Credit Card,Desktop,fashion,1
1,ede84209-9c20-4eec-b8ed-bba0f32cc0a1,2024-01-29 18:43:33,139.132.124.230,28.532493,116.398927,West Clintonmouth,1216.91,UPI,Mobile,fashion,1
1,3199e727-0a4d-4ada-996f-dc72610a5487,2024-04-14 15:16:56,115.110.114.138,68.548249,-3.519704,Michaelchester,2454.99,PayPal,Tablet,fashion,1
1,3087da55-65ef-4997-9c5e-bf71b33bbc81,2024-01-18 01:37:58,33.90.7.157,50.8851085,-59.958324,Brandonfurt,2526.98,Debit Card,Desktop,grocery,1
1,8a5f7834-9a15-473c-9709-c6ba372d9a0c,2024-11-28 04:40:33,208.16.100.129,-51.5156365,46.939724,East Nicholasmouth,4783.82,PayPal,Tablet,food,1
1,0b420900-abca-44c9-986b-4df8d5b2b9dd,2024-09-16 12:58:44,155.125.167.5,-64.537840,-43.444076,North Nicolechester,6422.48,Credit Card,Desktop,grocery,0
1,bc792a64-7810-40f1-9e63-26d57694e5c5,2024-09-24 12:58:41,154.37.228.86,80.9860485,153.125661,Sherriport,2515.36,UPI,Mobile,fashion,0
1,3d9474c7-beed-4174-ae02-0e9356ffbdf6,2024-05-05 05:46:12,188.201.2.171,65.3365485,153.307458,Briantown,3130.97,UPI,Desktop,entertainment,0
1,92f0ddb8-44f6-4458-913c-fed40dc58d78,2024-05-29 01:58:26,146.131.98.89,68.338069,-176.067452,North Nancy,3807.59,UPI,Tablet,entertainment,0
1,36299898-58d9-486e-b50c-687bccf34bb4,2024-08-30 07:51:00,206.212.208.207,70.3802415,-154.601901,Rothmouth,2584.02,Debit Card,Tablet,fashion,1
1,544612f2-5f78-46f3-9c06-4191ef7d86b1,2024-04-22 21:05:53,35.187.67.140,39.8798765,116.478469,Karenstad,7919.64,Debit Card,Tablet,grocery,0
1,de98314b-6e7b-4a14-b683-d8fda8177b8c,2024-01-06 02:56:34,83.223.53.21,-62.3536965,18.022421,Jessicaburgh,5026.83,PayPal,Desktop,electronics,1
1,e55e2e1c-053b-4aa8-91df-eed51898c088,2024-10-17 12:01:42,65.172.176.214,-12.5063375,-62.595037,North Jenniferstad,2122.96,PayPal,Mobile,fashion,1
1,8725655e-6012-4eab-b527-4213a9b6d04b,2024-08-14 04:45:18,46.118.253.79,11.635393,-46.566309,Sotoborough,7025.0,Credit Card,Desktop,fashion,0
1,3a82bac7-3927-44bb-9d90-291d0557534a,2024-03-29 00:52:52,218.106.33.22,60.043078,-77.527240,Port Frank,2160.98,PayPal,Mobile,electronics,1
1,58196083-938b-490d-b8e7-5ff920d8d812,2024-02-17 17:12:46,132.245.189.211,38.215356,-61.899288,Ericmouth,9881.54,Debit Card,Desktop,entertainment,1
1,1edae809-5f41-4dd2-a9e5-b90698636e6b,2024-02-06 07:48:56,53.222.112.73,-35.7108985,36.682615,Jacobbury,9517.86,UPI,Mobile,electronics,0
1,e79e99b3-ae9a-407c-a163-03d628d81e33,2024-06-07 18:58:12,197.182.28.248,-40.7740445,-112.399901,East Eddie,9935.08,UPI,Desktop,electronics,1
1,f856d70c-0b76-4386-9dec-400a33869f8d,2024-06-18 05:38:04,199.173.52.29,-11.2754265,-76.256665,New Katiehaven,4470.24,UPI,Tablet,food,1
1,59d74125-2431-4c50-bb91-f864a9bd5bb9,2024-09-02 06:24:08,131.53.33.198,-44.646363,112.649678,Allenfurt,3683.29,Credit Card,Mobile,grocery,1
1,e3da8f48-2f0d-48ea-b104-8f32fb77bfc4,2024-07-27 07:20:02,169.218.110.80,79.8582625,-114.560593,Hickmanbury,1265.75,Net Banking,Mobile,fashion,1
1,500f378d-8e67-4c22-85c9-46636803c402,2024-10-17 17:27:05,184.197.197.78,-0.172585,-25.617736,Port Nicholas,4655.05,PayPal,Desktop,electronics,0
1,65a66647-578f-49a4-b707-302a01652b66,2024-12-02 05:59:23,194.245.116.70,46.273784,179.733100,Lake Andrewmouth,7737.69,Credit Card,Desktop,electronics,1
1,5fec3718-0181-4db7-abb5-2c6bd1a312bd,2024-04-02 07:20:20,106.143.133.74,-88.631509,68.594117,Sarahview,2614.93,Debit Card,Mobile,grocery,0
1,bc9a3a6e-3f03-40d5-a052-9f7e6f4c927c,2024-08-04 01:30:58,171.217.175.101,80.962495,37.802365,Lake Gabriel,2023.84,Credit Card,Tablet,food,1
1,9573a708-c0ac-4300-9f3e-2d5d6ccca6f5,2024-08-29 22:44:47,214.70.159.10,-75.4223175,-35.425458,Delgadoville,1984.98,UPI,Desktop,entertainment,0
1,ebbf75c6-fb3c-4f29-bc4d-a7e1384d4734,2024-04-03 18:57:07,218.239.233.236,-53.503176,-73.556405,New Mikeburgh,8350.95,Credit Card,Mobile,grocery,1
1,d664efce-7e30-4bd2-8545-7f3915a6fef6,2024-01-16 16:26:02,27.52.41.204,26.0847165,105.914467,Port Kenneth,2279.67,UPI,Tablet,food,0
1,973d5b40-b4d3-480f-a368-4b78d0a850c6,2024-09-23 03:43:40,7.224.37.25,-71.0957055,8.793755,Port Chasemouth,524.93,UPI,Desktop,entertainment,1
1,602b4332-0286-4a0d-a824-222f74ae0563,2024-06-28 08:50:58,75.152.141.224,-30.6682155,-69.526054,Morrisfurt,7371.65,Net Banking,Mobile,entertainment,0
1,b7525d1c-4774-4026-9124-efe3077137d6,2024-04-09 20:32:17,215.14.144.107,-56.4822125,150.647946,Lisafort,5063.58,Debit Card,Tablet,grocery,1
1,d0bd629f-4e0f-407a-9fe5-c3b4fb0836e9,2024-07-10 18:10:55,75.28.66.232,24.9274805,0.001626,Jamesmouth,7732.16,UPI,Desktop,food,0
1,2ec70b79-87cc-4f33-8288-f25fea0523fb,2024-07-17 12:53:35,65.186.146.205,0.461033,77.629121,South Tylerborough,2493.41,Credit Card,Desktop,grocery,1
1,2ac510dd-d5cc-4fdf-a5f6-f1f25e7e7b38,2024-07-24 15:42:36,133.137.86.33,-11.210385,150.149390,Rodriguezburgh,8840.4,UPI,Mobile,entertainment,1
1,789894ce-b35c-4884-b438-22d4bb16fb08,2024-02-27 04:30:31,19.129.82.171,-16.2842775,118.318020,Port Seth,8715.64,Debit Card,Tablet,entertainment,0
1,06c3a7ac-83e3-4b9d-8c2b-76302ed50067,2024-01-25 08:51:15,93.111.54.144,-6.289125,139.420823,Kevinside,4342.73,Debit Card,Tablet,entertainment,1
1,18503c77-856d-4380-a5d3-114191553ae8,2024-05-19 06:45:59,81.18.10.107,-46.870939,-178.687959,New Kathleen,9412.16,Net Banking,Tablet,food,0
1,c3b0fd55-9c6f-4253-8c35-394e3eab5e13,2024-08-18 18:17:53,56.174.209.7,31.9585405,-178.062412,New Jamiehaven,371.8,Debit Card,Mobile,fashion,0
1,6e0eb0e7-1a99-4513-a584-6d3b9e9a0577,2024-05-08 16:32:51,176.49.200.38,45.915935,-121.530041,Timothyport,312.03,Credit Card,Desktop,entertainment,1
1,2b8fc762-dc15-4517-9f81-81336e734097,2024-05-27 11:21:42,106.174.118.162,-26.3980425,87.478516,East Leslie,3646.53,PayPal,Mobile,entertainment,0
1,6cdbe7c7-4bb2-4101-8dbd-a8e13e9abc79,2024-09-16 01:38:19,179.85.193.232,47.921443,-66.576452,Lake Thomasview,5922.66,UPI,Desktop,grocery,0
1,907ea575-18c8-4572-bfad-20c6807988cb,2024-03-06 11:58:54,61.220.162.246,14.298395,175.861168,West Jacquelinetown,1091.65,UPI,Mobile,fashion,0
1,dd45386d-5a99-4863-bf48-6a35b2278c06,2024-11-02 08:11:18,87.242.2.105,65.2127715,-105.169626,South Terrifort,2259.21,UPI,Desktop,fashion,1
1,111879fa-5460-449f-baf7-524c856520e7,2024-02-19 16:44:03,215.168.225.83,-81.1109825,120.481519,North Keithmouth,1022.55,Net Banking,Desktop,electronics,0
1,52fb9ce4-5cbe-46d1-946c-41e0b8520ccf,2024-11-16 07:03:16,144.227.240.233,6.0346655,163.980288,Markmouth,6228.31,PayPal,Mobile,food,0
1,95910dfa-0f10-402f-a039-6c031ba3a80f,2024-01-01 14:42:54,14.85.231.243,-23.9035075,-179.804358,Lake Kelly,5478.82,UPI,Mobile,entertainment,1
1,42b2e967-2517-4224-bdcf-c5c99fc5f4af,2024-10-31 01:39:44,190.206.100.107,88.025567,38.067306,Shepardview,6882.71,UPI,Tablet,electronics,0
1,fa285146-4315-4481-98d1-e2c8fcc9ecb9,2024-12-01 14:12:52,21.253.126.57,-48.0624555,101.012170,South Cherylland,1562.95,Debit Card,Tablet,fashion,1
1,b011706f-d5b5-414a-a87b-c27f27f380a5,2024-05-19 15:17:22,58.94.125.135,-15.0619115,-32.468654,South Brooke,1584.39,UPI,Tablet,entertainment,0
1,6a9cb3ee-1197-449a-b301-683eeddd7420,2024-03-02 18:43:27,166.76.186.123,-52.987552,12.429810,North John,1895.92,Net Banking,Desktop,grocery,1
1,3efc7ac4-3167-49ad-b4c5-079f2a738aba,2024-04-16 02:44:37,128.100.37.26,-57.129532,-24.835773,North Christine,6550.99,Debit Card,Mobile,grocery,0
1,d6a0d7ae-674a-4c3e-9c6d-b5cd4d03824e,2024-09-27 15:44:26,194.12.60.88,5.5597375,178.108066,Devinmouth,4755.41,Net Banking,Mobile,electronics,1
1,73b6b710-73e8-4a63-80ec-9f00743551bf,2024-09-01 01:38:35,17.99.64.154,84.6833855,144.956242,Crystalshire,2641.87,PayPal,Desktop,electronics,1
1,a9c8cd14-e401-43fb-8885-8211a185179d,2024-08-23 20:35:18,68.242.105.41,-59.586690,-97.860288,Smithchester,2505.76,Credit Card,Mobile,electronics,0
1,7d4066d6-07c0-4f8b-a442-4b3e570f4c41,2024-05-03 12:29:48,91.219.231.88,40.4233965,74.282826,Ethanburgh,1552.45,Debit Card,Mobile,food,0
1,1dac4b7c-f051-4dca-86e4-cbf8f87cf073,2024-07-26 01:18:21,140.162.33.42,71.4121385,-176.534083,South Jessicabury,3475.09,Credit Card,Desktop,electronics,1
1,b3ce6b85-8786-488b-a55d-6bafbd1963c5,2024-01-03 14:59:17,86.167.93.212,50.048142,117.194799,Katherineside,7849.87,Credit Card,Desktop,entertainment,1
1,ff491c5d-008f-4180-b29f-41c40a808c4a,2024-12-09 05:59:21,130.56.201.20,-44.374267,-5.941886,East Melissa,9445.63,Credit Card,Desktop,fashion,0
1,2f5f51b9-263d-4673-a0c6-f03b52040eaa,2024-03-30 10:49:33,124.1.213.50,45.9523735,-62.221659,East William,5090.94,Net Banking,Tablet,food,0
1,a113906d-7f66-4ba9-9598-e00a86c39cc2,2024-01-09 03:32:06,129.169.242.203,64.472640,23.502174,Brownfurt,1242.68,PayPal,Mobile,food,1
1,792659ec-8011-414d-9ae6-182236c7d56d,2024-05-29 01:23:15,209.37.182.2,27.599143,76.670125,Joannaport,5642.51,PayPal,Desktop,electronics,0
1,f53678bb-2668-4c57-9380-cf9ee274c071,2024-07-10 15:50:06,51.9.142.154,8.180931,-120.171420,Johnview,5977.79,PayPal,Tablet,electronics,1
1,4d20f7ff-ffab-4aab-b586-3f88353426dd,2024-04-04 09:15:41,18.221.216.231,44.5399565,48.803005,Caintown,6185.34,Credit Card,Mobile,fashion,1
1,3832bbad-3c25-4390-afce-9e9712a0113c,2024-07-27 04:21:47,211.104.227.120,-84.888135,-116.704606,East Natalie,5748.99,Debit Card,Desktop,food,1
1,1514dedd-d8c9-43e8-934f-acac6fc5271d,2024-10-26 23:43:56,111.76.251.31,44.2299025,-124.343931,West John,1181.6,Debit Card,Desktop,food,0
1,40e20486-e2ae-44f2-a74e-6bbf7c68ad6a,2024-07-03 17:47:20,47.165.179.153,54.0923675,34.345975,Josephchester,3716.03,Net Banking,Tablet,food,1
1,541de9b4-a29f-4ce7-a692-e295a16bb521,2024-06-20 17:01:28,190.191.206.138,-2.6825985,-156.647449,East Kennethland,6578.38,Debit Card,Desktop,electronics,0
1,151b3c9b-7a5e-48e5-9f4b-ca5c968e449a,2024-01-07 16:11:24,14.158.125.250,-63.5598785,-45.650265,East Yolandamouth,7981.29,Credit Card,Tablet,entertainment,0
1,e9f5e90f-8d06-468c-9084-35b1879d3faa,2024-10-25 16:11:58,136.229.204.180,55.028241,-93.354320,Williamsmouth,6002.5,Credit Card,Desktop,electronics,1
1,a4edd47f-c2a9-4a1b-994f-17a460e66924,2024-11-30 16:54:52,188.22.113.153,-10.7455275,73.521453,New Daniel,5773.62,Credit Card,Desktop,food,0
1,4184fe79-2ab5-4bfd-a9f0-d643c944039f,2024-08-30 04:19:12,90.133.88.42,-17.9045975,21.327234,Guzmanport,707.11,Net Banking,Mobile,food,0
1,c5d07e30-0ab3-4242-a1e5-564116b20783,2024-09-19 14:51:11,74.216.172.48,-1.191598,139.126568,South Carolinehaven,9085.4,UPI,Desktop,fashion,0
1,8b313df0-ab4a-4b2e-95a8-2f9a918de9a4,2024-09-14 23:30:55,7.186.102.191,-7.4719245,-105.075313,North Kevinchester,789.66,Debit Card,Desktop,electronics,1
1,7a3da717-46b7-4e7d-9c9f-1327e206fbf5,2024-11-22 08:48:49,66.73.87.118,47.285289,61.623310,East Briana,3755.26,PayPal,Desktop,fashion,0
1,616bff4d-041a-4a39-88b7-5d6830f5eeb3,2024-06-04 00:49:26,159.250.202.131,-40.9010365,-28.684150,East Michelle,6144.88,Credit Card,Mobile,grocery,0
1,da47f7c5-8d4c-4e7c-8cc6-a798e34214e5,2024-07-03 17:17:41,109.185.236.175,-11.169717,-141.270832,West Donaldmouth,5375.27,Net Banking,Tablet,food,1
1,ccc8b169-bba2-4635-b8b5-c4c05ddc2e45,2024-04-13 09:51:23,157.19.24.254,-78.5420195,-78.756199,Gallaghershire,2113.72,UPI,Desktop,electronics,1
1,51197c7f-ebac-4af9-96e1-8f8c29332cc1,2024-01-22 00:49:24,34.78.233.69,73.4768355,8.164273,Garciaton,8213.73,Net Banking,Mobile,grocery,1
1,0555a8c1-539b-4e9c-9507-89a97eaf3ea2,2024-08-20 17:14:01,33.28.66.198,-88.047759,74.814698,Lake Laurenside,4690.97,UPI,Tablet,grocery,1
1,23505102-af7f-4b4b-a2bb-b99b791e2c63,2024-04-17 12:32:29,80.111.107.158,89.4384135,97.827735,Haleland,5528.28,PayPal,Tablet,fashion,0
1,fad2bb02-3217-4e7e-911b-5412a2b78df4,2024-09-11 20:37:29,177.227.83.173,-65.894820,-121.592638,East Connieburgh,8194.81,Credit Card,Mobile,entertainment,1
1,4eed6ea1-94fb-4f68-8665-9bf28254e26a,2024-05-07 00:24:35,114.62.22.40,57.9367785,63.787848,Port Dawn,1404.33,Net Banking,Mobile,electronics,1
1,c7516ee4-a7b4-4d32-ab69-4ff7b98ff3d4,2024-06-04 05:46:45,203.185.89.198,-60.9737605,-158.255736,Lancetown,2737.14,UPI,Desktop,electronics,0
1,349977c7-ec3a-4fd5-b8de-2ffdb0106466,2024-10-20 10:02:23,208.51.91.58,-64.7704895,143.354681,Lucaschester,1541.06,UPI,Tablet,grocery,0
1,d66bc19e-0335-482e-8bfa-0d8138a87188,2024-08-26 19:46:13,123.117.184.97,-29.143371,58.812073,Michaelberg,3416.34,Credit Card,Mobile,fashion,0
1,917bf0cc-33fb-4735-9e92-ee861a501e74,2024-08-22 17:49:31,216.122.79.136,-82.285639,-146.112515,Davidport,802.92,PayPal,Mobile,food,1
1,92d8cd69-ee46-40ea-a69d-166e9c35ed3c,2024-01-01 04:19:20,164.203.82.176,7.737329,-19.590364,Powellburgh,2589.49,Credit Card,Tablet,entertainment,1
1,d1f6ddfa-2fff-49a0-8e2c-736fef7fc197,2024-06-09 02:05:02,131.147.216.32,-41.559602,-25.448209,Kristinfort,6706.95,Net Banking,Desktop,electronics,1
1,94b311e9-ee01-4ae7-9875-737e93d4c67e,2024-03-07 16:07:47,138.128.89.146,48.913674,-74.420847,Jayfort,3635.58,PayPal,Mobile,entertainment,0
1,9cf0eaf7-670f-465a-8b97-db3eecbed09b,2024-01-18 16:36:33,178.95.135.121,-33.047452,-46.842253,New Kennethfort,4478.78,Debit Card,Desktop,food,1
1,88ea3123-e976-4957-98f2-b45f993b74a7,2024-04-29 08:02:28,71.59.61.2,-23.3642445,115.418332,Daniellemouth,3671.04,Credit Card,Desktop,food,0
1,f3774de3-c0bb-4d3f-b7f3-f82a874e6ac1,2024-08-15 15:19:52,124.119.119.78,-84.289760,63.323189,Christophershire,2753.04,UPI,Tablet,fashion,1
1,cdcf02a9-64f8-4b31-a8f2-95190c1dbf92,2024-08-09 15:53:18,35.210.248.184,-61.2943075,68.534468,North Rebecca,8042.8,Net Banking,Mobile,electronics,0
1,2f5ccd9b-a13a-4d48-b2e6-6f3999c555df,2024-06-18 16:07:33,57.31.40.92,-34.3584655,-148.321608,Deanborough,8229.68,UPI,Tablet,grocery,0
1,eff4655d-81f4-41ed-a4a2-37e589234b81,2024-06-13 02:21:40,57.144.17.150,51.3382785,-177.592005,Port Aaron,2760.45,Credit Card,Tablet,food,0
1,325bfa69-d1d4-4ccc-81aa-de4ea31ea0fc,2024-01-10 03:04:29,144.180.210.179,-76.243556,35.421479,Port Andre,4921.35,PayPal,Mobile,fashion,1
1,8b967953-0e9c-423f-986a-2b37fa376b05,2024-01-23 11:56:04,149.92.145.85,28.024263,69.495548,Dillonville,4095.48,UPI,Desktop,electronics,0
1,22ea2787-2544-4706-8375-929a1fca89ec,2024-05-26 04:11:54,77.203.1.148,42.483153,54.896297,Lake William,6500.42,Net Banking,Tablet,entertainment,0
1,f4f940e3-ad0d-4229-a0df-3b97b33ccf26,2024-03-29 21:52:34,210.83.26.203,-14.362433,-137.746887,Julieville,6356.55,Credit Card,Mobile,food,0
1,bfaf9328-c33c-475d-8612-c08e5a425e98,2024-08-05 01:48:28,28.41.2.143,-68.725503,-100.754821,South Richardmouth,828.19,Debit Card,Tablet,fashion,1
1,a6dd9aa2-c081-4d71-8e60-431536439814,2024-05-04 20:48:48,155.204.122.98,-17.2991105,-74.938072,Lake Francisview,6660.74,UPI,Tablet,electronics,1
1,40c9b7d4-4210-4a3a-9b74-2b7efc2ab7e8,2024-08-05 00:20:30,203.135.223.179,-26.226734,132.485430,Port Kellyburgh,8453.43,Debit Card,Mobile,fashion,0
1,5840594d-917d-4fc4-9e5a-5135f148709c,2024-09-12 04:48:37,50.4.33.53,-8.466248,-23.501819,West Meganfurt,2008.07,UPI,Mobile,food,1
1,0bd4d1f6-5dc5-423b-a9e9-02c4d01817ce,2024-04-13 05:17:18,110.180.234.199,-34.2247905,-22.184095,Carterton,7799.92,Net Banking,Desktop,entertainment,0
1,b725eab7-ef1c-4496-94dd-45b5772b2a59,2024-02-13 14:32:11,119.175.50.37,38.5752245,-34.063618,Andrewfort,2563.29,UPI,Desktop,fashion,0
1,45a3855a-52b0-4077-b298-24628b2b597c,2024-03-21 19:28:49,51.115.6.173,39.086866,-57.859075,East Kevin,7251.1,UPI,Mobile,entertainment,0
1,1af9a9b9-a915-46c7-943a-c00384449e4c,2024-03-14 02:59:46,171.156.125.76,19.782135,-127.116199,North Tiffany,5033.6,Credit Card,Tablet,electronics,0
1,535994b4-03a1-46fe-8663-9dd47918008b,2024-12-02 05:19:00,11.100.241.140,77.292201,-160.107394,Michaelchester,2508.48,Credit Card,Tablet,electronics,0
1,56b6c765-b2b5-43c9-81ce-a738c7aa4702,2024-04-22 19:39:16,210.210.254.226,82.0289095,-137.456862,Cruzstad,5905.26,Net Banking,Desktop,electronics,1
1,cadf136e-ee04-4006-bb53-45b298bd76a1,2024-10-01 12:30:22,33.107.74.143,69.6638065,56.665811,North Gabriel,5118.38,Credit Card,Tablet,food,1
1,798c59e3-6a07-4476-a168-955ed97eda71,2024-08-29 12:41:52,101.83.233.92,-50.1120555,80.801495,Madisonshire,3604.48,Credit Card,Tablet,grocery,0
1,5c7ec1c5-d9f1-4adc-ad44-8401cd363861,2024-03-26 02:36:20,133.164.140.247,64.644461,139.332832,Port Tracy,4673.71,Debit Card,Tablet,food,0
1,8a535674-89c5-4d9f-bef6-513190233615,2024-11-26 03:48:16,175.7.119.137,-60.7029645,150.756805,Mejiafort,458.23,Debit Card,Mobile,grocery,0
1,d91ed3d2-64ad-409b-a613-65f25ca3c4d6,2024-06-02 04:08:42,12.46.165.79,-68.158908,-20.332410,Port Kathryn,8389.25,PayPal,Tablet,grocery,0
1,344c0443-3c13-4bd7-9f71-a1bf48efc6c4,2024-02-05 09:00:41,59.183.18.92,-59.305868,164.665470,Micheleborough,6795.93,Net Banking,Tablet,food,0
1,8447b4c1-4b6f-4173-b235-310cd89aca39,2024-07-17 07:27:48,165.43.92.26,-78.1180165,-62.972235,North Kathrynstad,8379.04,PayPal,Desktop,food,0
1,25c1fbc3-c9aa-4909-8ff9-44b22d79daab,2024-08-13 19:49:00,83.86.216.220,-49.021876,47.156839,Lake Ashley,4305.53,PayPal,Desktop,food,0
1,dd5275c7-ec73-499e-8b4c-fa6e52fea64d,2024-07-15 19:07:45,166.2.7.147,-75.404339,-67.748930,Kyleside,1326.1,Credit Card,Mobile,entertainment,0
1,d1797ce3-f2ea-49a1-a657-b906131bc6d9,2024-04-22 03:39:55,35.215.239.236,-39.2545115,-94.142887,Royfurt,5181.45,Net Banking,Desktop,entertainment,0
1,e357cf8d-8aa4-403a-8da7-3e9b2f765d76,2024-02-09 11:07:21,69.89.62.65,3.805670,76.266615,Novakport,7368.53,Credit Card,Tablet,entertainment,1
1,14a6a685-f4ff-49a4-9105-d39b3c105ec8,2024-01-22 01:14:07,13.157.137.234,63.818903,127.498461,Rodriguezton,1692.22,Credit Card,Tablet,grocery,0
1,d0650033-0a8a-4e76-b35f-9127f8f1b401,2024-09-18 07:29:38,98.3.233.51,69.214845,-152.172988,Janicebury,2961.7,PayPal,Desktop,fashion,0
1,aa61be5d-8618-42ec-8edf-bc88e95b0cd9,2024-10-30 14:26:05,198.149.94.208,-11.1362035,147.231028,Sullivanshire,5943.6,PayPal,Desktop,entertainment,0
1,992adc1f-ca49-4706-8877-b16a6c13f5d1,2024-09-30 16:54:16,128.111.146.20,-31.9719915,-108.471019,West Jeremy,8344.41,Credit Card,Desktop,entertainment,1
1,ae24fbe1-8228-4bde-96ed-b8a1a08950ba,2024-11-19 11:03:51,93.6.43.109,50.660415,19.897829,New Kelli,6754.75,UPI,Mobile,fashion,0
1,c3860dd5-850a-48ce-ab76-6cf0fc2bdb4a,2024-05-26 18:49:08,181.153.243.131,6.0803475,23.969417,East Tonyaland,1708.01,Debit Card,Mobile,fashion,0
1,4e63c5db-2645-4db9-89f7-9e1211dde18c,2024-08-25 11:58:04,220.248.177.83,-31.651879,-169.332190,Doylebury,6821.88,Net Banking,Mobile,entertainment,0
1,034008e9-d3a8-409b-a2dc-23e556725632,2024-09-19 16:37:08,135.108.9.181,-34.328243,-70.456599,Ericville,493.05,Credit Card,Mobile,grocery,0
1,0992ea28-ca83-4d01-b7f4-39fcd2e267a5,2024-01-08 22:29:01,55.174.218.184,-66.837486,86.675160,Bestshire,9574.22,UPI,Tablet,electronics,0
1,96703e41-a3e3-4d62-960f-720168b40153,2024-07-20 18:14:33,63.222.131.167,60.305481,39.898109,Kingfurt,3087.84,Net Banking,Desktop,electronics,0
1,ce071d4a-8510-4e93-a4c8-62c2faf7f5ff,2024-04-21 13:54:57,85.25.49.235,-3.2213535,78.510674,North Andreamouth,5932.82,PayPal,Mobile,electronics,1
1,8c1aafa7-a940-482e-b791-cdce193921ed,2024-01-29 22:11:19,2.152.107.48,-82.0961475,-55.716270,South Heather,2498.52,Credit Card,Tablet,electronics,1
1,23dd12a1-5ca3-4570-a02a-3d249d9dd978,2024-06-05 04:12:53,53.241.169.151,47.534190,22.538811,Normanstad,3971.8,Net Banking,Desktop,electronics,0
1,07422c97-9a9e-416e-819f-95ccea5ccb5a,2024-09-29 19:07:11,212.197.2.250,18.556191,2.180303,New Stevenland,666.6,PayPal,Tablet,electronics,0
1,c4b16f44-b661-4b30-bf3e-65c1460ef541,2024-08-25 22:39:16,95.161.38.114,-14.100824,86.563752,East Calvinmouth,159.56,UPI,Desktop,food,0
1,9aa2669c-927e-445e-ad59-018f05cf4f53,2024-11-20 00:35:53,145.129.61.191,-51.695742,-168.266750,Cartershire,5926.31,PayPal,Mobile,grocery,1
1,7f82ba25-8751-475d-b78c-b7b4718d5c33,2024-10-21 11:28:35,118.248.150.56,52.2934725,-133.495028,South Gabriel,7329.47,Net Banking,Tablet,electronics,1
1,a922a000-74a0-4190-bde7-1a3cb9f86668,2024-06-19 22:58:52,4.76.84.193,-29.925659,10.319613,Josephfurt,7048.97,UPI,Tablet,food,0
1,f17e9374-e396-4fcd-aa4a-9c0bb84b5259,2024-06-06 11:55:10,152.156.168.215,50.7113245,45.826094,Brownmouth,1670.87,Debit Card,Tablet,grocery,1
1,f05d5dab-a6e1-452f-844c-b305fd39df05,2024-07-24 12:21:16,7.138.89.66,-70.349284,-112.607546,Houstonborough,8555.45,Debit Card,Tablet,grocery,1
1,824d4bfe-669e-452f-9e90-769c68cabad5,2024-06-06 00:48:44,191.122.10.194,-5.787362,-165.807751,New Betty,7502.81,PayPal,Tablet,food,0
1,e53edd96-89b7-4936-b340-68ce78f9be16,2024-06-23 16:01:03,213.33.34.16,70.765746,83.636524,Saraborough,663.79,Net Banking,Desktop,electronics,1
1,cd653f3d-fd17-4560-9b7a-6c348940df87,2024-03-24 21:34:25,3.151.73.131,-71.9882365,67.364564,Crystalbury,5608.7,UPI,Desktop,fashion,0
1,4e31dbd0-8069-4ba6-ae56-974f70424960,2024-04-23 07:59:59,81.133.117.196,-81.3718175,86.812712,Port Edwardtown,9804.68,Credit Card,Tablet,entertainment,0
1,83e4fc9d-2fe7-49d5-b9cc-ca936efd1b7d,2024-09-11 19:32:04,101.46.99.220,36.4122755,-120.051807,East Jeffrey,1244.57,PayPal,Tablet,fashion,1
1,8e2bd761-582e-4b7f-a315-e397bb70777e,2024-06-04 15:43:44,111.180.199.14,-31.7534245,111.834059,South Diamondport,2862.89,PayPal,Tablet,fashion,0
1,c340d479-1775-4a24-b355-39933adfde9b,2024-07-05 20:58:52,195.225.200.208,-32.331489,-104.922833,Davidsonchester,9015.49,PayPal,Desktop,grocery,1
1,ee9a2351-d94c-4df2-ac4e-a79c8997dd08,2024-08-16 00:48:22,130.8.186.92,-53.2441225,-113.455511,Port Kevinview,3416.98,UPI,Tablet,food,1
1,7ccd7082-d273-4a1e-a58d-9fe291df60a9,2024-04-24 12:09:35,104.198.58.190,-55.2377555,-175.740612,Christopherhaven,7659.69,Credit Card,Mobile,grocery,0
1,e7c92db5-fad1-4513-9139-690d59815669,2024-05-31 07:04:57,111.55.203.200,48.0482325,152.867649,South Jackfort,8934.93,UPI,Mobile,entertainment,0
1,4dd1c97b-c0d5-4ddc-bd05-bae3ca89d592,2024-02-29 18:16:50,107.207.243.212,-76.351978,83.484070,New Jamesview,9209.86,UPI,Mobile,electronics,1
1,38737732-c369-4fda-9948-d8eb36e1e7b2,2024-09-01 14:13:41,161.136.120.22,-85.535946,104.380489,Aguirrefurt,8926.48,Net Banking,Desktop,grocery,1
1,dfdaf9f5-c486-447d-9516-4876c6888cac,2024-07-31 00:22:39,153.167.90.58,-85.330723,-161.228127,Port Rachelville,2236.35,Debit Card,Tablet,electronics,1
1,e24b0583-0d9b-41b2-8e6b-da952047cc6b,2024-05-11 16:36:15,83.107.234.245,3.0942845,31.580084,Karenshire,5561.39,Debit Card,Tablet,entertainment,1
1,364540a4-8912-42d0-a9aa-e36a7ca1ab1c,2024-03-06 03:32:22,78.88.190.215,-18.2114095,-98.167420,Laneland,7642.38,Debit Card,Tablet,food,0
1,19d84819-76ee-4d54-808a-ca28813db34f,2024-09-02 19:21:37,102.75.234.83,55.420838,-51.824723,Fullerstad,5575.34,Credit Card,Mobile,food,1
1,9964b0fe-3eb0-4029-8511-4ce48caae974,2024-10-23 18:31:37,192.195.92.29,73.736279,-122.325470,Curtisfort,134.26,Debit Card,Desktop,grocery,0
1,a31d99f3-4853-47f4-939c-c1a8ae96b757,2024-06-05 10:12:32,101.250.27.115,30.7305225,-96.736454,Lake Ruben,802.42,Net Banking,Desktop,fashion,0
1,6cb1db03-e5f5-4d12-b505-5002954ad98e,2024-10-26 02:18:21,53.85.89.2,-49.012951,9.281181,West Alexshire,3267.44,PayPal,Tablet,grocery,1
1,a314d9d3-f8b3-48a1-b4ee-f932d029a91f,2024-07-20 12:17:22,75.21.225.13,-4.1331985,-7.643574,South Olivia,730.12,PayPal,Mobile,grocery,0
1,c33eb2a1-e804-47fe-89b7-b8f53a996fa3,2024-03-13 16:33:38,76.247.161.74,-76.832536,-60.504645,West Rebeccaburgh,8637.05,PayPal,Mobile,electronics,0
1,1bfcba5f-0c46-4e83-9d4e-a7628103c336,2024-11-02 07:19:42,67.36.186.144,32.109990,68.772994,East Kyle,9598.86,Net Banking,Tablet,fashion,1
1,b64f1f9d-04bc-4438-a3d3-409352171305,2024-10-21 21:32:43,183.88.220.28,-33.1038015,-163.097606,Zacharytown,6259.87,Net Banking,Desktop,electronics,1
1,f3fb789e-9c2f-46d7-a6d1-5cd82be781df,2024-10-11 05:02:29,113.143.251.219,-8.528124,-12.246568,East Victoria,6172.28,UPI,Desktop,electronics,0
1,1111a890-c634-4a0f-ac43-444a74ef1e5d,2024-08-04 01:05:29,111.128.124.42,-65.638535,-84.135963,South Ashley,324.27,UPI,Desktop,electronics,0
1,ca60c3c8-16f2-41ac-a5eb-dd106b3957f5,2024-08-09 04:21:54,110.224.109.190,80.911498,113.102799,Taylorview,5975.97,UPI,Tablet,fashion,0
1,528264e5-457d-42b9-8bd2-3b5ea350ddc0,2024-09-30 12:11:13,209.2.130.92,30.5915175,-34.544993,West Erin,1986.05,Net Banking,Mobile,grocery,1
1,5f639eb0-d1b8-4ebb-9c60-6086a25d46a7,2024-09-14 13:47:49,209.244.202.24,-16.3687335,147.482888,Danielside,1874.52,UPI,Desktop,fashion,1
1,444fbc71-9e0d-4daf-ae88-ebde153294d7,2024-07-19 06:36:08,125.160.179.125,-64.867711,-38.745132,Phelpsburgh,3964.64,Net Banking,Desktop,grocery,0
1,127e22ec-2a61-4cd7-985a-bb707115d892,2024-09-08 17:40:49,201.177.24.237,-49.0573915,154.151410,Debbieport,6286.06,UPI,Mobile,electronics,1
1,0c8f2944-25ab-44e2-8a27-b681861a247b,2024-03-04 19:51:43,120.17.196.120,-14.338262,32.513912,Martinezberg,6629.33,Credit Card,Desktop,grocery,0
1,6e8991af-72bf-4dfc-afb5-2bc066c2002d,2024-11-08 06:14:47,121.237.252.178,-59.8340835,-160.108400,West Natasha,665.22,UPI,Mobile,grocery,1
1,c1766982-1808-41cd-adf0-42afc6510670,2024-08-13 19:42:29,157.176.113.242,59.443338,-114.085392,Lake Luis,4754.02,Credit Card,Mobile,grocery,0
1,c74408fd-657e-42fe-b2e1-c091b234a3ee,2024-09-29 13:48:42,146.211.176.25,-42.5569465,-125.952221,South Lorichester,6444.79,UPI,Tablet,grocery,0
1,e25baffa-bbac-4d40-acf8-e247ada51c02,2024-09-13 23:26:24,3.209.9.39,-55.949210,-5.009175,Ianport,7996.71,UPI,Desktop,entertainment,1
1,8e62854e-573e-4ff7-aa0f-3294d39a6a79,2024-03-01 00:18:27,25.158.114.114,59.219599,70.689045,Kathrynberg,5998.2,Net Banking,Tablet,food,0
1,7e5e49ed-4faf-41bf-9dfc-9d9a3e0cf700,2024-10-27 09:30:22,164.131.199.115,41.1428545,-118.072496,East Danielhaven,3527.73,Debit Card,Tablet,food,1
1,ac87e55b-712a-4d9e-bde4-e8887bf44c4e,2024-08-05 19:14:06,217.17.109.21,2.807892,-84.590519,West Christopherbury,7595.45,PayPal,Mobile,entertainment,0
1,5a235cb9-9e5f-4988-a3b3-04ab9f4320a7,2024-10-08 03:32:40,180.176.238.9,42.8086105,-154.898917,Alanmouth,359.94,UPI,Tablet,food,0
1,971aa120-3850-456a-a27c-243a59e217ab,2024-08-11 11:00:38,144.211.196.182,27.9472935,140.838661,West Seanland,887.3,Net Banking,Tablet,food,0
1,47432df9-9f4f-41d4-a1dc-f04fcd3dcd53,2024-10-07 20:12:33,23.203.143.165,82.8663895,-107.807819,Lake Kendratown,4173.87,Net Banking,Tablet,electronics,0
1,98636f94-48d4-4083-a5c6-789897e41ca6,2024-04-14 16:04:44,66.159.223.67,18.1790425,-83.880374,Hillport,3738.73,UPI,Tablet,entertainment,1
1,fbc97725-1147-4dc6-a90d-479ed0cac3d6,2024-02-28 21:23:20,121.212.36.4,0.373611,-147.691952,Maryville,8049.62,Net Banking,Tablet,entertainment,1
1,89bd49b5-b63b-4216-9f5e-fe53c690f0f6,2024-07-05 01:44:50,57.36.61.144,-87.819156,-1.042438,North Sarafort,7225.86,UPI,Mobile,electronics,1
1,c2e5c855-3ba6-409f-ba27-155b8a9ebd29,2024-09-06 07:06:06,42.161.185.183,21.670419,-143.135142,West William,5780.72,Net Banking,Tablet,fashion,0
1,c06d2f2b-d42f-421d-9eae-df0c6fad5afa,2024-04-12 02:08:52,42.42.248.158,37.5327175,151.413306,Flemingstad,7318.77,UPI,Desktop,entertainment,0
1,28258477-aae9-4d05-bb4f-f92021ffe311,2024-08-20 03:11:42,138.250.141.121,-37.8415835,-67.770472,North Robertberg,6742.27,UPI,Desktop,fashion,1
1,44ec1a83-b579-428a-8a14-60dd1a303867,2024-03-25 13:09:12,147.2.138.239,-80.1810535,170.711978,Taylorview,2797.88,UPI,Tablet,fashion,0
1,659f73fa-ebdf-4456-9db8-e29bf1c30454,2024-06-30 07:05:29,147.18.139.218,20.9698115,-3.667203,Nortonborough,9052.89,PayPal,Desktop,electronics,0
1,224a59d5-ea78-41ce-ae60-772ca3f0aa6b,2024-05-01 12:36:18,46.240.43.230,-76.2186775,-177.776631,Brendamouth,8603.49,Debit Card,Tablet,electronics,0
1,004b5bcd-5316-454f-aad4-5d74125cf322,2024-04-10 09:33:20,80.236.132.136,47.5088685,-141.018720,Oliviamouth,5892.15,Credit Card,Desktop,food,0
1,e771ec6d-9c8f-4a8e-af1e-981aba10b516,2024-01-29 18:08:56,83.154.39.251,-21.787296,-95.766233,Matthewville,8321.66,PayPal,Desktop,entertainment,1
1,bfd85e10-335f-40ff-92ca-2ae4f8280bf7,2024-01-24 17:55:17,26.119.124.183,25.5587105,153.286397,Birdmouth,5733.58,UPI,Mobile,grocery,0
1,f60220c3-3813-4a3e-a0a3-0fda6ed480b8,2024-05-01 19:44:49,202.182.31.176,-45.959066,164.336669,Michellemouth,2043.71,UPI,Tablet,grocery,0
1,8425e649-922f-418a-a5d5-08cd7856084f,2024-06-13 03:24:17,115.196.139.84,-20.9840035,166.750321,New Sharonmouth,9401.91,Net Banking,Desktop,fashion,1
1,3bed7909-1757-4f70-b07a-27319313bc45,2024-02-17 08:28:11,121.21.80.64,-36.197356,76.494020,North Andrew,3500.31,Debit Card,Mobile,electronics,1
1,e0d5b3bd-8e31-43aa-8e17-e7cee2b62c1a,2024-05-15 15:57:10,113.110.210.111,-54.8868585,-147.923761,Andersonview,2602.03,PayPal,Mobile,fashion,0
1,d57e7d47-7f90-4fbc-a2a3-8b733c9f0bbb,2024-07-09 23:04:00,100.51.54.228,-46.348240,-37.212291,South Brandishire,9149.22,Credit Card,Mobile,entertainment,1
1,b5beca7f-36a1-4404-abc7-01d14d4fc2f5,2024-11-27 08:04:24,169.196.28.112,-29.3056005,86.596778,Vaughnmouth,8049.29,Credit Card,Tablet,entertainment,0
1,01b3d7ff-6886-4586-9998-e5221d32d364,2024-12-06 20:35:56,204.25.223.99,7.7771165,-162.344445,New Anneburgh,3420.98,UPI,Desktop,entertainment,0
1,a4d88da6-5286-4eaa-ac9c-a4fb6f888e68,2024-02-11 08:59:58,106.68.75.112,44.1261935,94.896742,Austinside,5384.13,Net Banking,Desktop,electronics,1
1,a50170b3-9c42-40b7-bcb5-8a4c42ea3551,2024-03-29 05:32:43,158.15.240.30,89.1789485,71.013869,Lake Veronica,1924.74,PayPal,Desktop,electronics,0
1,465996dc-daa0-428e-955f-4e3a3b1a7634,2024-08-12 20:29:24,95.10.158.114,-9.204744,-22.813859,Lindsayland,1946.55,Credit Card,Tablet,fashion,1
1,48fc32b9-ab4d-4fe7-864e-5c4c39bc07c6,2024-04-30 00:45:34,121.2.9.34,28.239000,-171.501395,Wendyton,6861.18,PayPal,Mobile,entertainment,1
1,5dab0d03-3fe8-443b-8551-411dd46f9192,2024-11-25 15:58:34,112.140.21.1,-3.1689325,136.178352,Matachester,1492.1,Credit Card,Desktop,entertainment,1
1,e877cb72-fe3a-4743-9200-c0c2857cfe7d,2024-09-23 12:57:57,196.201.222.82,36.949345,-175.695884,West Zachary,2252.73,Credit Card,Mobile,electronics,1
1,77a9da18-01d1-4285-8716-c0c55fbcc9b2,2024-09-19 04:40:07,165.84.201.7,-73.9445405,-120.127783,Cuevasshire,1094.45,PayPal,Desktop,food,1
1,9ca136b7-0491-4a5d-8283-d54a61e0215c,2024-03-14 08:52:33,68.170.59.39,-3.026410,-15.119831,West Mary,8157.64,Net Banking,Desktop,grocery,1
1,a47d6be5-c092-4aed-904a-8e6a0573b875,2024-07-03 07:19:26,8.203.242.158,87.991615,-11.172357,Cobbmouth,9153.78,UPI,Desktop,food,1
1,5580470e-cd99-4c6c-8cf5-a5d00a42e4c6,2024-08-29 17:09:03,55.8.142.183,-49.714762,108.101226,Lake Jasminefort,9707.84,UPI,Desktop,entertainment,1
1,1aed136f-f1f8-457b-af20-14a20a012472,2024-08-17 08:58:36,62.22.133.39,-37.9877835,-167.272218,South Carolynside,7560.64,Credit Card,Mobile,food,0
1,36cf245b-9953-47a6-8ae4-b090d7b74b36,2024-08-16 12:51:20,64.70.143.15,-17.879556,-151.059640,Lake Daniel,8468.45,Net Banking,Tablet,electronics,1
1,1671e71b-c04e-4732-9429-c5cad67bccb5,2024-05-07 14:40:48,24.43.2.82,-71.059895,7.325111,West Donaldmouth,2249.53,UPI,Desktop,electronics,1
1,0fdc8a49-f6b0-488f-ba1d-4aec15a86a65,2024-03-12 08:53:56,102.13.88.10,36.5546165,24.496051,New Gailview,1816.39,PayPal,Desktop,grocery,0
1,9227861a-6cd3-410e-88b0-2f25bdd9b6c0,2024-05-24 23:14:37,191.237.52.70,-56.6583055,7.830129,Jacksonland,5509.0,PayPal,Tablet,grocery,0
1,d6b5bf11-c340-438e-8216-57d659307201,2024-05-28 21:18:12,53.197.127.41,30.1473005,176.833465,Port Johnnyview,6475.88,Net Banking,Mobile,grocery,0
1,e68073b7-40a5-4984-9295-3c835c1880bd,2024-09-10 09:32:00,219.163.65.15,24.759809,-34.813052,East Allisonton,1867.91,Net Banking,Desktop,food,1
1,d6aa6383-7977-4329-8592-f515b3a0bcf2,2024-03-04 05:24:21,112.93.71.126,-55.0504775,-57.165070,Gailmouth,2126.74,Net Banking,Tablet,electronics,1
1,1b4f610b-9685-438d-9cb0-52d1c0016489,2024-02-10 18:06:38,16.90.209.67,-10.660521,130.980550,East Kyle,8653.68,Net Banking,Mobile,fashion,0
1,3d1d3f36-845f-4b0b-bd20-03a665b44bac,2024-09-08 18:52:57,9.118.207.101,-76.091940,-55.702598,West Donaldside,3398.75,UPI,Mobile,electronics,1
1,6821849f-33bd-4579-af61-359185169924,2024-10-20 11:54:52,68.5.217.140,75.453662,48.536670,North Carolyn,3164.4,PayPal,Desktop,food,1
1,e9e1fb38-b282-4324-a9c6-71763f34a2a0,2024-07-22 02:17:10,74.22.82.102,12.485439,-81.102319,New Shannon,9829.33,UPI,Tablet,entertainment,1
1,629830bd-8c57-44be-8460-56a6b5739695,2024-12-12 01:53:31,19.169.39.188,-8.4934505,-105.479628,Emilyshire,1793.56,Debit Card,Mobile,food,0
1,99d94cb1-f738-4584-b993-44e3064ea0b2,2024-03-06 08:19:58,49.5.209.49,-38.0146055,-46.637649,New Morganburgh,7631.17,Debit Card,Desktop,electronics,0
1,2c95941d-133f-4622-8ec2-963c4fb80a4d,2024-12-14 07:39:14,35.116.189.115,8.4243025,9.223132,East Charlesville,8275.26,Net Banking,Mobile,entertainment,0
1,0ff58159-67c1-4adc-9d4d-c437d9d10855,2024-03-18 20:48:54,169.124.45.49,-53.353174,-66.093884,Melanieton,1779.0,PayPal,Desktop,grocery,0
1,15c3a66c-c687-4029-90ea-57075be426a6,2024-06-27 02:54:24,188.26.226.200,70.180838,-85.879548,Perrychester,3650.13,Net Banking,Mobile,fashion,0
1,0b8d196d-0b49-478c-9a38-32f55da3c448,2024-12-06 00:45:08,149.73.244.155,-18.602817,34.431986,Cathyland,3766.7,PayPal,Mobile,food,0
1,3f9e8c22-ccc1-4149-becb-26032c29cd86,2024-11-18 00:43:59,133.80.175.69,43.8316015,59.084477,Hoffmanstad,6771.16,PayPal,Tablet,food,1
1,8bb7ad1b-d456-4abc-9a6b-a88e6c58f261,2024-05-03 11:55:43,14.208.38.130,-79.978164,-120.460058,Port Ashleystad,4143.46,PayPal,Tablet,entertainment,0
1,d694b300-f8be-4aac-bc38-be2767c56a67,2024-12-01 01:59:53,159.121.221.152,-40.114603,-125.669347,Michaelview,8641.78,Credit Card,Mobile,fashion,0
1,fdd73c76-e4cb-4ea3-b371-683fad32c095,2024-12-12 02:21:20,217.242.21.204,-73.343527,113.530760,New Jennifer,5962.82,Debit Card,Tablet,entertainment,0
1,a91e7bc0-2d67-414f-8611-32524de5608f,2024-07-19 05:33:35,203.212.76.178,45.429419,-159.921459,West Michaelview,7848.56,PayPal,Tablet,entertainment,0
1,d8926f10-a910-45a8-a3f6-3a13403acbb9,2024-01-15 18:52:02,185.31.133.159,-9.6164405,165.908531,Wilsonstad,6180.75,Debit Card,Desktop,grocery,1
1,1283f2a8-4c82-490c-9f56-1699b6ff8942,2024-08-06 23:45:53,11.202.67.121,-50.051249,-93.498661,Leemouth,7793.63,Net Banking,Mobile,fashion,1
1,83f4717c-c62f-4104-a132-294165e92754,2024-06-28 11:07:28,151.98.142.86,-89.394153,-89.292525,Williamtown,8143.44,PayPal,Mobile,entertainment,1
1,0dac3838-72ae-4a11-8fdd-48a187a66cdc,2024-05-10 14:26:26,215.125.137.139,-3.8527825,-36.893757,Loganbury,5069.99,UPI,Tablet,grocery,0
1,2c0fb982-aa3f-4175-a451-7b785f6ffa80,2024-02-15 06:48:52,183.234.10.252,-88.406264,-99.973054,Cruztown,1398.36,Debit Card,Tablet,fashion,1
1,b421f1ff-2b2c-42ba-b2bb-c4bc7dba605e,2024-09-05 00:10:10,73.186.254.24,-64.412238,73.202294,Griffinfurt,7980.17,PayPal,Desktop,grocery,1
1,f7910881-fcda-4a61-9bb8-09a733b46d5a,2024-11-21 14:04:55,111.143.167.204,-24.943357,33.814719,North Veronica,528.13,Debit Card,Desktop,food,1
1,a00aa0ce-1c94-4653-a884-1f5ca3db9e7a,2024-04-05 02:25:03,99.204.246.157,-56.469879,-46.894781,Meganburgh,7138.04,UPI,Desktop,food,1
1,66b72f33-42fe-40d1-abfd-945633add7c5,2024-02-07 19:56:18,52.26.221.93,-36.4158485,7.610835,Roblesbury,4346.87,Debit Card,Desktop,entertainment,0
1,bf67b862-c6b0-441a-9c72-b1938d749b63,2024-04-20 02:19:55,63.35.205.48,-87.1748885,-102.881405,Dayburgh,8210.67,Net Banking,Desktop,grocery,1
1,9f68bc9a-38fd-4ed9-b08a-5edbb2002ad5,2024-09-17 11:41:14,165.164.118.247,0.9039965,-97.546629,North Laura,8141.14,Debit Card,Tablet,fashion,1
1,03328a9a-5a7f-4df7-9125-c2597a37bcdd,2024-08-12 01:25:05,17.71.94.177,-35.281058,4.000911,Erikbury,7412.37,Credit Card,Mobile,grocery,0
1,ac925799-63be-43bd-94b8-d2a2fbaa0313,2024-11-06 23:01:29,192.225.45.237,2.2537585,-177.817273,Cardenasland,7512.21,Net Banking,Tablet,fashion,1
1,39978646-e413-44ae-8ffa-009e87376e93,2024-11-29 13:07:11,169.198.11.202,84.9813335,-164.173174,Jenniferberg,2887.57,PayPal,Desktop,fashion,1
1,000cde28-bfdc-4cf8-a341-ec27add4d5ae,2024-07-02 01:20:40,70.223.252.157,50.2256345,44.615659,Williamschester,6329.36,Credit Card,Tablet,electronics,0
1,35d79828-3eb6-4447-89f1-c9d7068e2e3a,2024-11-26 21:40:31,203.197.131.134,79.3105165,-113.522690,Tracyland,6572.53,PayPal,Desktop,fashion,0
1,10e6341d-ee26-4040-967c-ebb6bd1ab05b,2024-01-21 05:21:19,110.235.108.240,-17.648878,-1.392751,Jamieport,3544.21,UPI,Tablet,entertainment,0
1,60f166ef-ba6d-4354-a456-692295b00416,2024-01-08 07:58:47,138.10.11.191,-15.013360,74.909870,East Sarah,6941.36,Net Banking,Desktop,food,1
1,add71c03-2ec3-4c08-828b-8bcbe1ae00f5,2024-10-14 06:48:08,155.189.105.167,81.5384015,140.942843,West Amandabury,1779.74,PayPal,Desktop,entertainment,1
1,d3ed823d-7a80-4645-bb89-4b1c1cc45d4b,2024-02-18 13:16:24,117.136.116.86,64.1074105,56.120801,Lake Shawnhaven,6914.05,Debit Card,Desktop,food,0
1,61d25154-a1ce-4219-959e-ea39d1b8e2b4,2024-07-15 13:49:46,136.114.93.199,38.485637,-149.479089,Lake Cheyenneville,2215.8,Net Banking,Mobile,electronics,0
1,59c4a14c-a825-4161-9663-ec4f650c1be7,2024-02-11 18:02:50,194.92.3.154,-72.699817,-24.106881,East Jasonmouth,4446.05,Debit Card,Mobile,fashion,1
1,5a778288-0e1d-4a7a-880f-69d07c3e4981,2024-05-27 06:40:40,166.38.242.195,-47.389813,49.101969,North Sharonport,1805.26,PayPal,Mobile,grocery,0
1,29bf95cc-a6c0-4857-b8f6-e09734fc1124,2024-10-21 17:17:06,61.150.13.25,35.429043,95.664688,Port Anthony,8774.42,Debit Card,Tablet,entertainment,1
1,3241fb1b-b937-4652-993b-98906e6cba6f,2024-06-05 14:20:02,213.161.170.214,43.7808205,-175.645486,North Angela,5441.82,Debit Card,Tablet,fashion,0
1,6a4f8f77-3092-47e2-b00b-4cf54f81c3b4,2024-07-22 22:11:59,13.70.107.64,48.3310855,-80.448174,Moralesfurt,986.75,Net Banking,Tablet,grocery,1
1,62c4b071-89da-4b23-ba6f-e3ca9722cbd4,2024-11-19 02:13:34,94.143.114.103,-89.0926675,-168.132602,South Lauramouth,663.96,Debit Card,Desktop,grocery,1
1,12358183-b07f-4fe9-b4d0-94691f498c4b,2024-10-14 17:13:51,169.171.207.15,71.7599495,-12.459274,Timton,9115.48,PayPal,Tablet,grocery,0
1,dc29e15c-ff5c-47c5-be59-6cbe9a495c1e,2024-10-13 03:08:26,200.4.200.38,39.0367585,-177.878029,Deannaberg,9520.64,Net Banking,Mobile,entertainment,1
1,ecd80cd9-e1b1-49c8-ae9f-ae2045b87ec8,2024-01-08 15:42:07,8.233.6.10,-66.4184645,-147.335938,North Brian,6125.74,Debit Card,Desktop,electronics,0
1,02708687-e0d7-43a8-83fa-238a009e1907,2024-03-22 10:13:25,198.96.112.49,-85.9358025,104.508223,South Alexanderfurt,7516.07,Net Banking,Desktop,entertainment,0
1,c6be3c31-7777-49c3-a452-7cd8a419fbc1,2024-02-17 01:50:47,199.19.131.38,20.2059085,-58.163652,East Adam,3483.54,UPI,Desktop,electronics,0
1,d6b26469-ba12-4d5a-90f9-05286eed07bf,2024-12-12 09:25:55,48.40.55.235,-31.848630,-115.094327,Amandaborough,2537.3,Net Banking,Mobile,electronics,0
1,efc8247a-147a-4eb9-81c0-d98b72257aca,2024-11-17 15:23:48,139.157.224.10,4.1444555,152.575640,South Shane,5777.84,Credit Card,Mobile,grocery,0
1,7c00fe35-c942-426c-88a5-ef98b4fc76b7,2024-05-09 11:18:30,111.230.40.82,56.783570,-88.837632,Arnoldstad,1710.93,PayPal,Tablet,grocery,0
1,d9768115-2482-449d-8265-62c7fbd939c0,2024-08-05 19:36:08,32.154.194.49,-70.1937205,108.466289,Port Stevetown,2247.27,Debit Card,Mobile,entertainment,1
1,67b2bda9-d096-44f3-9a44-d5ab63e3beb2,2024-10-26 14:55:06,79.84.82.254,55.2992605,44.474239,Port Jill,7452.31,UPI,Tablet,food,1
1,1bbe0880-b983-4ca1-92b0-1505a157c0f9,2024-09-14 15:08:40,1.185.22.77,-35.6917555,-164.728729,Elizabethberg,1638.64,Net Banking,Tablet,grocery,0
1,41d1eaad-f8da-4226-a4f1-944f7ffb436a,2024-12-13 05:30:50,45.126.255.229,-51.0703525,4.873989,Jasonberg,2005.65,Credit Card,Mobile,entertainment,1
1,1b8b3170-e93e-425b-8860-e8992278bf12,2024-09-01 00:27:34,132.101.9.176,39.165658,167.069322,Port Kathleenburgh,6654.98,Credit Card,Mobile,fashion,0
1,6c700451-c971-4f25-8113-ad33f1acb8bd,2024-08-22 01:40:35,141.79.236.75,-70.4351585,-23.439585,Greenstad,4020.34,PayPal,Desktop,grocery,1
1,21034d80-3101-4280-9550-fb4e50240ddf,2024-03-24 05:31:39,66.97.22.109,64.919895,120.480837,Smithton,4959.82,Credit Card,Tablet,food,1
1,349a6672-a1f7-455f-b8a3-56e11e1e0f94,2024-12-05 02:22:45,217.231.183.23,-58.242259,13.497770,Williamstad,5456.55,Credit Card,Tablet,food,1
1,18aedd1d-54a9-48e2-9669-067738430173,2024-09-11 04:19:20,198.242.209.68,2.0516665,-22.710433,West Antonio,3832.51,Debit Card,Tablet,grocery,1
1,038201ef-a792-43aa-a70a-63d5a452df08,2024-06-27 21:42:16,21.207.222.100,-3.0100925,128.338261,South Jerry,9239.47,UPI,Mobile,food,0
1,1f872435-d19e-4f71-b801-973e5b476040,2024-08-02 13:01:16,44.15.222.204,54.5826025,-16.964043,North Kristy,5422.09,Credit Card,Tablet,entertainment,1
1,563d3ff6-f7c0-4d0c-84c5-7012605b1c09,2024-01-09 09:41:51,18.69.58.48,22.1116325,-85.989985,South Cynthialand,4838.54,UPI,Mobile,grocery,1
1,5ab0cf9b-94de-49eb-ad1b-bfae0d3a29ae,2024-05-25 21:01:54,117.105.209.58,49.996022,74.719202,Paigemouth,3129.71,Net Banking,Mobile,food,0
1,2a6f8bd2-7175-4203-b0c9-d269e7ea520b,2024-08-17 13:15:32,152.87.186.76,-31.5224195,-161.167835,Vincentmouth,2366.79,UPI,Desktop,food,0
1,c3349e97-692b-4fdc-8aa2-4ea002956658,2024-05-25 02:30:22,104.88.193.94,-73.564466,88.532585,Timothybury,508.31,UPI,Desktop,entertainment,0
1,913afba3-26f7-4e89-8935-0d13f34a1e82,2024-09-30 14:42:16,63.223.247.155,-11.8440425,44.344885,West Katrina,311.97,Credit Card,Desktop,fashion,1
1,72d4a24d-5665-4395-94bc-5c59db817a4a,2024-04-30 17:35:17,63.246.69.98,61.501875,-108.952671,Nicoleville,1423.95,Net Banking,Mobile,food,0
1,58295b6b-9218-4a5a-a8f4-e075d1cc72fc,2024-01-31 09:48:11,121.157.3.220,47.2597155,-51.518312,Allenfurt,7581.16,PayPal,Mobile,electronics,1
1,8fd0b714-1bde-4bee-9568-e2fb682b3a13,2024-08-24 18:39:23,103.32.161.216,-69.556179,10.875900,Lake Michaelbury,3531.87,Debit Card,Desktop,food,1
1,fefcca87-5971-4dbf-b6a0-4e6557c2bffc,2024-10-07 09:50:20,4.35.177.25,49.679846,-2.837319,West Carlyview,4547.59,Net Banking,Tablet,fashion,1
1,7c22cfe5-fdce-4364-aace-f12e67b7c298,2024-07-13 05:21:51,171.195.237.79,-60.7904315,-87.601407,Howardport,9412.43,Debit Card,Tablet,electronics,1
1,d3ed3d63-59b6-4a72-88e0-ca3788908f9c,2024-08-21 21:20:44,40.32.159.165,-79.197261,88.783063,New Ryan,9865.15,PayPal,Tablet,electronics,1
1,a77925b6-af6c-421f-9366-91d0eddbca78,2024-10-26 23:29:19,6.172.90.178,-25.741051,98.196241,Lake Donnaview,9850.6,Credit Card,Desktop,entertainment,0
1,efc49a11-004e-411c-a14e-88034a4fe001,2024-04-01 10:27:40,182.242.136.40,-47.074252,-122.404077,Port Lisatown,9581.13,Net Banking,Desktop,fashion,0
1,5a966ab4-ccc6-47d2-9fe0-18435c597eaf,2024-04-13 17:23:46,141.164.103.146,-43.375251,-24.169794,Micheleberg,7601.7,Net Banking,Mobile,food,0
1,4ff102b6-3963-42ac-9ac0-d0d7d0ac75fc,2024-02-06 23:09:34,137.49.162.231,87.262683,57.331872,Port Cassandrachester,466.52,Net Banking,Tablet,entertainment,1
1,1f05aeac-1cbd-4fbe-ab58-d9d1b22c0490,2024-01-17 14:44:16,117.43.110.43,55.3609905,92.075952,Wilcoxtown,3080.08,Credit Card,Desktop,fashion,0
1,b8989584-b370-4d05-9936-b21da4118517,2024-05-16 06:53:57,71.39.195.96,-32.674954,115.593316,Hessbury,1001.79,PayPal,Mobile,grocery,1
1,60097dae-662a-40c1-a4f6-f7553e0ea76b,2024-02-23 23:14:18,60.247.36.252,10.8517565,-167.010278,Grayburgh,4157.33,Debit Card,Desktop,fashion,1
1,efb8dfc8-b42a-4736-a70f-86a2f90752d8,2024-06-26 17:32:22,34.17.10.14,-61.612318,-125.622603,Lake Caleb,7416.52,UPI,Desktop,entertainment,1
1,2d580036-0e53-4163-b158-7cb25ef2fb8d,2024-08-04 13:53:38,109.251.87.109,73.178792,7.679375,Kimberlyberg,1196.66,PayPal,Desktop,food,0
1,2c52ddd1-e761-44a2-83f3-97f2164e0652,2024-12-01 11:35:29,143.39.55.55,-0.744428,-161.412390,West Michaelberg,1110.41,PayPal,Desktop,electronics,0
1,650dc3da-c425-4e6d-b6db-0333a021c0e8,2024-10-06 02:04:11,197.79.32.37,76.0025295,-59.512096,Briggsberg,593.49,PayPal,Desktop,entertainment,1
1,0045b99a-639c-45da-b0d8-479ef452d929,2024-10-01 20:09:55,13.134.20.203,56.1193695,-30.556434,New Mark,6259.66,Net Banking,Tablet,food,1
1,e679c639-2a42-41e9-aab0-631b27c281ec,2024-01-15 03:04:11,11.212.106.228,42.1783345,173.283467,Amychester,6603.25,Debit Card,Desktop,electronics,1
1,9cc94b9e-392c-421d-a82a-56c274a2acef,2024-07-28 07:42:14,60.228.27.173,71.847313,-0.895207,Ericaland,6452.57,Net Banking,Mobile,food,1
1,fc4f0ed9-42fa-4e16-8718-0c77d54a7ff2,2024-07-03 16:58:18,186.211.26.23,-67.786280,-30.488314,Rossberg,6263.97,Credit Card,Mobile,food,1
1,538409a6-8a79-4ca2-953b-b9e2775809c0,2024-11-10 21:18:34,78.80.183.75,-8.043439,31.575090,Paulborough,8062.5,Credit Card,Tablet,grocery,0
1,d698b735-e6bf-4d82-bc7a-036b969084b6,2024-03-09 14:26:11,34.182.196.150,-17.8728785,-176.417363,West Cynthia,6596.63,Debit Card,Tablet,entertainment,1
1,9cac741b-62cf-4f2d-9613-59b537aace2b,2024-06-27 16:07:50,184.99.89.201,22.579664,-70.075982,Grahamberg,2048.91,Debit Card,Tablet,fashion,0
1,f4c27e01-00b9-4cb7-986b-fcd47e9a9c46,2024-01-27 13:10:57,94.237.39.202,-86.895514,25.754807,East Ashley,4146.55,Credit Card,Mobile,electronics,0
1,46fecf66-8798-494d-b267-dd32698f0b17,2024-07-23 05:40:42,174.162.222.117,84.1663315,-18.670026,North Priscillahaven,9983.0,Net Banking,Desktop,food,0
1,e60284a0-c01d-4af6-9f10-a6892c1ed234,2024-10-20 17:15:06,150.71.67.3,2.291865,111.403802,Travisview,6454.67,Debit Card,Tablet,food,0
1,2b8a59ed-45b2-4e92-9ca0-00e49d4960fc,2024-12-09 00:57:13,36.198.98.185,-11.761187,-48.433602,Ayersmouth,5815.14,Credit Card,Desktop,food,0
1,03e58df1-f1f9-4731-a759-faf59a71a449,2024-06-04 20:00:37,49.239.146.145,-11.680522,138.869718,Garrisonton,7104.86,PayPal,Mobile,fashion,0
1,99f6a44c-ba59-42a7-996c-f091af81c8a5,2024-11-23 05:04:04,101.102.31.17,-59.5484395,10.794859,Bethport,8161.59,UPI,Desktop,entertainment,1
1,10f94e99-c1e1-4717-92fc-8235fd3df19c,2024-12-05 20:03:21,194.132.139.103,-19.0280355,-148.586474,Kristentown,2310.61,Net Banking,Desktop,fashion,1
1,028f5986-64da-4ea9-939f-811230b50a32,2024-05-20 18:07:59,44.161.80.151,-79.256416,100.078942,Georgehaven,4278.73,Credit Card,Mobile,fashion,0
1,926928aa-a274-45c2-9c31-a62f979d7771,2024-07-04 16:38:46,135.142.69.229,-31.711361,-166.355877,Perryland,2886.56,PayPal,Tablet,food,1
1,58204400-ace7-4977-be99-3ddf8c12ccc7,2024-04-30 12:37:26,106.24.146.202,71.9489305,71.272261,Ellismouth,9792.73,Debit Card,Desktop,fashion,0
1,dd906284-36e7-4c16-8d6c-d26f23f5fe8c,2024-10-07 15:02:22,166.138.96.6,-24.062749,-158.771637,North Rachelbury,6544.58,Net Banking,Tablet,grocery,1
1,8c86e3dc-c700-4ac6-97aa-f845c72b608f,2024-02-01 22:54:56,55.59.80.128,-6.244265,-15.078278,Lake Kristyberg,2564.31,Debit Card,Desktop,entertainment,1
1,05ff834b-1388-4013-8b06-48a55cd8c616,2024-04-26 13:25:08,210.81.138.212,-45.489318,-102.096187,West Nathan,6764.68,Credit Card,Tablet,entertainment,0
1,589e006d-6d94-46e2-a727-59d117e3326f,2024-06-25 03:10:20,111.22.74.95,66.4600785,-174.792046,New Clayton,5896.17,Credit Card,Mobile,fashion,0
1,2fe2af6c-6357-4a6c-a20c-e6a53d566b93,2024-05-18 03:52:18,57.5.146.14,29.9723995,171.601784,West Colin,3145.18,Credit Card,Desktop,grocery,0
1,ee97765b-182d-47cf-9b18-4c4cb7b33380,2024-10-08 02:46:54,26.235.212.69,-8.0944895,53.211240,New Russellfurt,4599.71,Net Banking,Mobile,entertainment,1
1,d56f2c66-3e55-4c8b-ba71-0d89da67491a,2024-05-29 13:21:42,160.31.242.233,84.3671395,80.578615,Jasonfurt,5475.3,Net Banking,Desktop,grocery,1
1,b80e466f-29c1-408e-8fb4-21da2a20123d,2024-07-25 15:55:02,67.131.58.247,-36.216460,3.648406,Debrahaven,1846.39,Debit Card,Mobile,grocery,1
1,70d91fd8-d02f-40fc-a5ff-d58ae1c96e9d,2024-02-01 13:25:28,74.42.190.7,25.977855,7.488858,East Alyssa,3668.35,Net Banking,Desktop,fashion,1
1,4715f1c1-321e-45e5-b0fb-c644cb84a1be,2024-12-14 19:13:36,86.80.151.205,-17.805297,164.294270,Cherryside,8181.41,Credit Card,Mobile,food,0
1,584dea28-3ce6-4368-955e-a36f9421b8cd,2024-11-15 11:23:05,93.229.216.157,87.3142435,86.662775,Abbottfurt,3040.24,Debit Card,Mobile,food,0
1,d6763ee8-e532-43fa-80cd-bc7bbd316460,2024-01-21 15:15:18,210.68.53.79,65.2580555,-113.616431,South Roberthaven,1559.42,PayPal,Tablet,grocery,1
1,266ad257-9832-4b41-a4af-c2b1cb312c8b,2024-11-28 04:28:26,54.128.4.137,-37.298230,-61.511979,Howardburgh,8015.89,PayPal,Mobile,electronics,0
1,f3a343fb-7fcf-4c8b-8e13-36babaa24e45,2024-11-08 14:53:53,13.30.26.64,-33.915102,135.567072,Port Michelehaven,4700.89,PayPal,Tablet,grocery,1
1,d8a408ab-8893-40b9-841b-f5b0751526b2,2024-01-10 16:37:39,72.52.148.151,-67.0768285,97.121178,Port Kimberlyshire,6352.9,Net Banking,Desktop,electronics,0
1,2fe26964-7efa-49e0-8001-40099b0fad7c,2024-06-27 06:02:19,87.175.110.70,-56.1410885,-97.126188,West Mirandafurt,2808.4,Credit Card,Tablet,electronics,0
1,fa6bbb75-0a14-4102-b5e3-65e92300979c,2024-08-04 01:04:16,24.52.131.109,-73.1062415,-106.164701,Lake Timothyside,5858.71,UPI,Desktop,electronics,1
1,8b3b1292-741e-4f89-80ee-a3cae71d9201,2024-07-18 02:56:05,146.81.43.22,33.674266,38.364729,Port Ashley,5613.97,PayPal,Tablet,entertainment,1
1,e38674b3-2f7c-4da7-8207-c4c67bd4b68a,2024-06-19 09:11:31,156.58.243.106,38.3024445,164.495997,Port Janice,9511.9,PayPal,Mobile,entertainment,1
1,dbb93f68-7346-4b22-a2b4-b443ae1e11dd,2024-06-23 00:39:46,104.113.19.252,-57.403415,-175.993317,Lowemouth,6688.18,Debit Card,Desktop,fashion,0
1,21b7acfe-8d27-405e-ac90-c7ad84fb078f,2024-10-27 12:03:09,10.187.25.42,67.0964215,179.118681,West Erin,6387.67,Credit Card,Mobile,food,0
1,93b7c03c-d501-4b63-bc56-0b53225a7fcc,2024-10-10 19:11:17,212.197.48.69,68.7158325,-165.247605,Michelleshire,1642.8,Net Banking,Tablet,food,1
1,fb731a9b-fad6-490d-a474-5e9e2e6adbeb,2024-01-15 02:38:04,140.36.225.53,63.322434,-97.215183,Port Christineton,213.06,UPI,Tablet,electronics,1
1,51c1fe98-f6e6-40d5-b0f1-b24e71c46829,2024-10-29 00:03:39,121.29.27.249,-48.595369,-134.324920,Byrdshire,4998.92,Net Banking,Desktop,food,0
1,e0d7699e-dba8-432f-b15b-95ce066e1899,2024-03-28 06:07:14,19.97.214.129,-37.5364635,-133.394397,Brianshire,8672.73,Credit Card,Desktop,entertainment,1
1,f203e183-15d4-46ea-a16f-1e5d685239ec,2024-12-04 19:34:52,67.213.234.48,58.171349,101.817582,New Brianna,8873.4,UPI,Tablet,food,1
1,063530b1-ecfd-4f59-805f-15a936fa63ac,2024-04-08 22:52:37,46.6.84.229,-17.179062,-20.898105,West Jeremy,9097.0,UPI,Mobile,fashion,0
1,97ca28f7-c7d9-49d1-a0cd-fa258ee4f6ea,2024-09-20 11:12:47,110.149.201.7,-9.725763,-56.289624,West Jennifershire,1756.44,Credit Card,Tablet,food,1
1,c93be45d-dd0b-493c-9044-eb1f39d39b72,2024-03-12 22:52:08,207.190.235.112,-54.9365005,-100.232747,South Brittany,4975.17,PayPal,Mobile,entertainment,1
1,37c3a749-0921-47f5-9984-6f99d258f1ca,2024-10-09 19:42:43,118.158.25.151,-38.127092,-120.732375,Bobbyland,9066.77,UPI,Mobile,entertainment,0
1,7d02461b-5003-4551-879f-4aae8ec1cace,2024-11-26 09:15:09,81.178.124.231,-74.988397,-149.901627,Tylerborough,7146.83,PayPal,Tablet,fashion,1
1,ca2cbfbe-6d12-471d-8729-23d6ae7019fd,2024-07-05 20:10:49,122.15.175.23,-30.7470165,-165.262950,East Andrewtown,5783.64,PayPal,Tablet,electronics,1
1,04cb340c-04a1-4f20-83e3-202d00412aa9,2024-03-30 15:57:41,19.164.198.183,61.0269295,-146.427544,North Amyshire,2044.53,Credit Card,Desktop,food,0
1,e85ccd4d-1de7-4367-a4e6-eaadabc5ceae,2024-07-21 20:52:59,152.245.242.121,18.0393905,79.417793,South Laurie,6515.29,Debit Card,Desktop,grocery,0
1,1b32030e-bcc3-401a-935b-513c5a1bdc94,2024-09-22 01:25:08,78.98.223.109,-53.3612685,-162.123139,East Bethanyton,8190.7,Net Banking,Mobile,entertainment,1
1,62c08a32-6fd2-44e8-8715-122375c8b97d,2024-02-07 02:18:37,10.68.255.46,42.379602,-161.777726,Emmastad,9682.59,Credit Card,Tablet,entertainment,0
1,a3c1a2e9-eb75-4954-b198-d20eb2746b6d,2024-09-21 15:18:02,131.82.119.17,-83.937230,-24.974588,Matthewfort,4476.43,UPI,Desktop,electronics,1
1,1a9dd193-dd87-47a8-b938-304ab7978390,2024-09-17 16:26:26,56.24.149.251,-34.0634505,143.503296,Mitchellstad,8278.94,Credit Card,Mobile,fashion,1
1,9f581a89-a5c9-4623-8468-7e70cc7b1c1b,2024-07-29 03:11:13,145.171.0.183,17.390861,-97.631854,Lake Richard,8947.54,Net Banking,Tablet,fashion,0
1,96258cf1-5222-4e5c-a5cb-b3e57c3f381e,2024-11-14 00:45:30,175.5.76.250,32.703677,-50.468161,Markhaven,245.98,PayPal,Tablet,entertainment,0
1,258bbe1b-6c40-4397-ac6e-a1fb637f56a6,2024-04-22 04:23:41,87.217.216.42,-80.4460775,-2.479665,Emilymouth,7813.3,PayPal,Desktop,electronics,1
1,74bafbfe-8f06-452a-bc6b-a2b3c276f1b6,2024-03-13 02:17:36,33.133.178.249,-55.744960,-6.785688,Donaldchester,9145.6,Net Banking,Mobile,entertainment,1
1,fccea549-c0f6-49c2-af00-8022a96a0319,2024-01-01 00:56:43,79.234.223.175,66.435038,120.484991,Donbury,9706.19,PayPal,Tablet,grocery,0
1,97dc3fae-0404-4a64-a52c-874639e694db,2024-06-20 06:24:00,53.135.36.212,58.594577,-78.591462,Aprilville,9208.06,PayPal,Mobile,electronics,0
1,cfc4c280-3d9a-4c78-a70a-fadbe1293fb5,2024-04-01 14:03:51,3.72.168.253,-89.495461,-62.317691,Michaelfort,8592.61,Credit Card,Tablet,fashion,0
1,fdfdd1a3-eaba-49fd-97ae-db1d774b894a,2024-08-29 17:41:34,121.150.206.4,45.589267,-58.141999,Port Kevinberg,4901.16,Debit Card,Mobile,electronics,0
1,c39308a1-076e-4a28-bfc5-c0f24ec6b85b,2024-02-29 10:17:58,160.150.19.38,-46.9310205,-147.051390,Johnsontown,6854.02,UPI,Tablet,food,0
1,e4b6ceaa-01c1-445b-9630-8751bf5a4ee8,2024-01-27 18:19:01,88.119.195.59,-17.039843,-52.757290,South Joseph,8134.2,Debit Card,Tablet,electronics,0
1,cd0110f4-d8b2-4ca2-a8af-f1ca3c34fcf6,2024-01-13 20:02:22,168.153.72.154,-4.4320505,-137.614460,Williamsborough,1510.42,Debit Card,Tablet,grocery,0
1,e4f4f0bd-9b58-4959-a0f5-e16db542fae6,2024-08-27 14:17:40,78.51.30.101,-18.937964,88.569186,North Christopher,1807.38,UPI,Mobile,entertainment,0
1,dc60c5a0-1596-45a3-8d39-ca60f64af214,2024-05-20 13:59:29,195.17.54.20,86.0918115,-160.717145,Scottland,9952.98,Debit Card,Tablet,electronics,0
1,b9d297fe-180e-4472-9348-762a070061b2,2024-11-19 00:52:04,67.103.145.102,27.904779,-120.772093,New Christinatown,233.63,UPI,Tablet,entertainment,0
1,d1c31d8f-8289-4d95-960d-1107e32acc09,2024-03-03 08:35:51,103.6.191.68,-67.9409535,-136.312307,Hallberg,339.18,PayPal,Tablet,food,1
1,9c6f7ab8-8555-4d9e-a4b0-8c572e3121b8,2024-04-02 20:35:31,162.55.146.112,3.051717,135.813874,Harrellfurt,2027.63,Debit Card,Tablet,fashion,1
1,6cac853d-82f7-4ba2-9455-e9b80d370d05,2024-04-14 16:15:55,22.180.109.109,-10.3974305,42.818368,Lake Victoriastad,5230.9,PayPal,Tablet,grocery,0
1,d41f40f4-9a7f-4d64-a398-ae64fbc970e2,2024-05-27 03:32:12,86.35.105.103,-27.3923795,67.403887,Smithtown,3092.26,PayPal,Mobile,grocery,0
1,ad8db07d-ab71-477f-ba65-c54e4c96560f,2024-06-23 03:06:20,207.7.247.61,-77.6465235,31.941186,Lake Willie,9614.46,UPI,Mobile,food,1
1,680a2554-01a3-4740-9b4c-6aaf2ad5b728,2024-11-05 14:54:08,168.8.139.175,56.278279,-72.439084,Donnaland,597.09,Credit Card,Tablet,food,1
1,eb823c81-d92c-46a3-96d1-5b23de4794b1,2024-11-28 07:12:29,128.129.239.63,-75.115537,-88.097229,Jamesside,2784.67,Net Banking,Tablet,food,0
1,ce8ab6be-5cb1-450a-909b-5b55eb159985,2024-07-22 22:53:29,77.18.142.85,63.7955965,-134.415403,New Nathanielburgh,3832.27,UPI,Tablet,fashion,0
1,f166b663-4697-4b7a-9a6a-2338314f1a3e,2024-02-19 21:32:43,126.86.112.137,35.0974345,-28.373697,Nicolefurt,7742.36,UPI,Tablet,fashion,0
1,a41e7660-016b-407c-a63b-741a78b0254b,2024-01-23 11:50:19,163.202.162.2,-2.047333,27.054543,East Joshua,9864.41,UPI,Desktop,electronics,1
1,27eec0aa-ffe7-4019-9e3b-478d9f285960,2024-03-28 10:44:22,99.54.69.124,-62.620683,-136.949493,Port Curtis,1577.12,Credit Card,Desktop,fashion,0
1,70aa8ed3-7b44-4bc1-83d3-dd8c9cbc9b98,2024-09-28 17:20:36,56.187.145.126,27.3255225,110.509400,East Brookeside,6782.49,Credit Card,Mobile,fashion,1
1,19332ecf-51f9-4819-9a1b-b4fc8b36900a,2024-02-27 02:53:31,152.141.36.113,31.666107,-38.682860,Burnettshire,7803.56,Debit Card,Desktop,entertainment,0
1,702d902e-ddb8-41a1-93b9-bb4bd7660c87,2024-01-17 00:40:17,52.180.67.78,51.8434385,-143.363242,West Donald,5926.59,PayPal,Mobile,grocery,0
1,1f4e71aa-ab5a-4c71-ae29-0affe9193102,2024-02-23 07:31:24,28.105.236.125,77.599558,-172.611616,Rhondaberg,2167.64,Debit Card,Tablet,food,0
1,8150d0eb-d12a-42d2-8a6c-6a805acb0256,2024-07-12 11:05:56,68.142.208.69,14.246510,7.562509,Michaelchester,5881.71,Credit Card,Tablet,electronics,1
1,5f3c13a8-577b-4aa8-b72d-07bbf35eea64,2024-12-01 04:21:43,94.103.57.40,-82.414463,-134.336075,East Robert,1562.8,Net Banking,Mobile,fashion,0
1,52efed88-e69a-42e1-883f-80d612694b24,2024-03-09 20:38:29,97.155.44.150,52.2942885,108.172481,Jilltown,4359.59,PayPal,Mobile,electronics,1
1,8787f272-ede8-4c4b-b983-232c45238514,2024-11-01 04:19:23,24.12.251.196,64.426257,-87.257766,East Anitafort,7091.09,Credit Card,Tablet,electronics,1
1,0355ab98-53a1-4c5c-a35b-08e186b5a09c,2024-07-28 18:44:09,204.190.27.94,39.931651,-175.061597,Stephaniemouth,2755.6,PayPal,Mobile,electronics,1
1,b98324cf-122b-4d6e-a893-a29216639a16,2024-07-31 19:35:05,221.139.105.49,82.299673,-78.959757,Lake Erinberg,7899.57,Credit Card,Desktop,food,1
1,ba40bb70-3d02-4a81-a7df-3c0bb2719a7e,2024-01-06 03:12:13,88.153.228.27,-67.170159,111.982790,South Sarahburgh,5401.38,PayPal,Mobile,grocery,1
1,024e0c29-da8e-4aa7-a32d-9f48874518b4,2024-09-21 18:49:21,151.172.72.39,9.176601,114.892542,Johnsonmouth,5667.78,Debit Card,Desktop,electronics,0
1,6c12b5ed-f6f7-4925-9821-7a476a4480a1,2024-02-17 16:46:06,97.235.98.101,82.029946,-41.645924,East Trevorton,1378.49,Debit Card,Tablet,entertainment,0
1,152bfc03-2d3c-4c0c-8e32-4b5a95037c24,2024-07-16 01:11:03,154.45.254.85,-63.661397,-145.299744,Port Lisa,2856.47,Net Banking,Tablet,food,1
1,d1e2b26c-9110-496a-80f0-0ad025fac2b6,2024-09-19 21:29:04,216.120.134.219,-16.835303,-97.667983,Lake Robert,4537.38,Net Banking,Mobile,electronics,1
1,81d4abf2-7ad7-46de-a32d-18a83f45a469,2024-01-10 17:50:08,33.198.79.47,-44.3038605,-74.608995,New Joshuabury,9394.48,UPI,Mobile,food,1
1,342880b8-4279-49cd-b8da-a28d7e3b8963,2024-12-02 13:22:08,13.112.132.209,-26.1694665,149.949996,Lake Jillville,1558.65,UPI,Mobile,electronics,1
1,3dad5d3e-33e7-4777-846e-f2038b0e1d8b,2024-03-18 06:53:27,94.161.108.91,-30.6525515,80.237753,North Debbie,2059.18,UPI,Desktop,food,0
1,84a58de4-bbdb-4d26-b40b-827a9c39a595,2024-09-11 08:07:46,187.132.156.146,-69.474394,142.317605,New Jeffreyport,6150.01,Net Banking,Tablet,entertainment,1
1,b7740da4-88b4-4d01-b387-5fce85adffca,2024-11-13 23:06:30,105.44.122.9,-41.9094175,126.633043,North Brooke,5462.18,UPI,Mobile,grocery,1
1,bc9d6418-b1ef-4a29-b295-7d3378be3233,2024-01-08 15:01:19,104.189.62.33,41.136981,-139.020718,Jamesmouth,4471.69,UPI,Mobile,electronics,0
1,a7224fdb-8bb0-45f6-863a-198b773e12a4,2024-01-15 03:42:51,141.178.74.236,9.791308,170.326294,South Alice,8533.83,UPI,Mobile,electronics,1
1,e180f717-dbc5-444f-aaa4-573af5a2b1c3,2024-01-05 11:18:51,93.35.206.23,-38.907550,147.954467,West Laura,1193.89,UPI,Tablet,grocery,0
1,72d978e2-0e4b-456c-b1b3-98227f61735e,2024-01-01 17:03:23,86.23.141.99,-71.820697,24.698692,Port Austinton,1038.63,Debit Card,Desktop,fashion,1
1,52bfeaa2-76b2-43a4-a34c-71216850f520,2024-08-28 14:26:58,208.151.249.57,21.5960065,138.893349,Williamschester,400.53,Debit Card,Tablet,food,0
1,27b4cf1f-2aba-4b4c-a9a1-5fb512770d56,2024-05-19 20:57:58,35.47.160.251,-86.2336345,144.197736,Lake James,8536.34,PayPal,Tablet,grocery,0
1,3224cc6a-bbc9-48ee-a1aa-2bd19248e9fe,2024-05-14 22:48:57,6.120.98.54,-5.4218935,66.266706,North Charlesfort,7104.13,PayPal,Mobile,entertainment,1
1,daeb7dad-2209-4b53-90f9-597e10acc951,2024-06-25 08:34:03,182.160.95.69,-74.593817,-93.053966,New Jeffrey,5196.33,Debit Card,Desktop,entertainment,1
1,c09eb8bc-0c1d-4dac-afe5-a8667758ee96,2024-12-04 10:32:58,214.35.181.147,-30.478123,136.638941,Lake Manuel,8450.46,UPI,Tablet,grocery,0
1,25085b85-9063-4b9d-8656-3cf6f4c5d2d1,2024-05-15 18:10:17,150.140.196.184,18.2239155,141.346445,South Jennifer,3352.91,Net Banking,Mobile,food,1
1,d9f3212b-2ea2-4ecb-a806-0847e24c23e7,2024-12-11 11:22:40,187.16.138.174,60.396766,-90.230331,Ritterton,341.92,PayPal,Tablet,food,1
1,a7c51a11-ef69-4638-809e-6c509161be21,2024-06-11 02:56:01,213.110.35.21,-10.610903,93.267486,Allenport,9129.33,Debit Card,Mobile,food,1
1,41063a11-395c-4725-9ae1-dbc2a372a461,2024-11-22 11:41:17,85.117.217.24,-2.694877,-136.109222,West Jessica,8687.96,PayPal,Tablet,entertainment,0
1,e53c1102-a2f0-46d6-9daf-3248f1be814e,2024-10-09 08:44:54,1.92.140.241,85.8267785,77.081718,New Michael,3568.16,UPI,Mobile,entertainment,0
1,3549b091-bb51-47a1-8853-2fed7025db98,2024-02-06 04:08:28,7.245.30.148,74.3853435,-126.506908,Brewertown,8237.36,Credit Card,Tablet,grocery,1
1,7ec1763a-59ca-4a00-9249-3bd67912bf19,2024-02-08 21:28:23,22.218.86.162,14.7029645,23.830499,Robertview,2146.34,Credit Card,Desktop,electronics,1
1,3b3eea1a-30f3-4c44-aeba-77d04b7d3a70,2024-11-26 08:31:37,83.87.209.189,15.6505585,79.827268,Lake Karen,7373.89,Debit Card,Mobile,fashion,0
1,64e516ea-75aa-42b5-9157-8b64ff3509ee,2024-09-26 16:55:11,223.112.20.126,-48.2140675,151.020402,East Jenniferfurt,2587.05,Credit Card,Desktop,entertainment,1
1,9aac8e7d-ef60-415d-ae9a-1af917373962,2024-02-18 19:35:50,82.102.209.143,-83.0702915,168.398256,New Loretta,8164.39,UPI,Mobile,food,1
1,f459d57e-13b4-4d3b-ad00-046eeb3008f3,2024-03-26 12:17:08,15.137.37.72,63.0223615,20.968943,Vargasside,521.65,Net Banking,Tablet,fashion,0
1,29cd1b2b-7962-4dc6-af82-035a35c24a22,2024-08-12 17:28:24,142.210.225.18,48.9941305,49.313728,West Thomasshire,3037.38,PayPal,Tablet,electronics,0
1,3fc3de14-3f0e-4f7f-91cc-a03b631e4e35,2024-09-21 20:49:33,3.68.228.11,-34.6151205,101.741563,Alexanderport,8081.46,Net Banking,Tablet,entertainment,1
1,e038e0ab-8dad-405c-93a6-3086c7725d3b,2024-06-02 15:33:59,167.142.53.52,-18.6185425,-34.601728,Angelaberg,8143.01,UPI,Desktop,grocery,0
1,09463271-f333-486a-b3cd-b05c7aee0039,2024-05-02 10:32:45,82.139.252.36,8.7797375,145.656542,Alanshire,7811.12,PayPal,Desktop,food,1
1,e1433ba9-37a1-43d1-9ac6-cb59c3b6b9ae,2024-11-01 22:40:13,173.145.148.24,-56.952444,-30.663988,Pereztown,759.71,Credit Card,Tablet,fashion,0
1,72f0bd06-a320-4d44-b8b8-a841f80c577d,2024-02-07 02:34:33,49.20.194.224,56.619608,-88.321731,South Regina,1811.77,Net Banking,Tablet,electronics,0
1,7bd9aac7-c75a-4315-ab5b-d51da49dede2,2024-08-06 08:31:33,135.193.24.4,75.8554845,5.402261,Port Anitaville,9737.82,Credit Card,Desktop,grocery,1
1,85752c1f-4107-42bf-952d-7fb034ba5929,2024-12-05 03:35:39,153.238.96.249,24.333673,-83.753846,East Laura,1303.47,PayPal,Tablet,grocery,0
1,46067257-87df-42b7-b0dd-ba24b549e44a,2024-01-03 15:51:16,212.62.30.66,68.602812,-145.220916,Port Corey,9127.29,Credit Card,Desktop,entertainment,1
1,5c8d116b-c00e-41fb-80f0-e451ca510861,2024-01-07 04:44:56,80.196.159.119,-88.355165,-96.471030,Port Donald,611.5,Net Banking,Mobile,fashion,1
1,2d2c0207-e1c8-44c3-9db5-59892af830de,2024-02-23 02:58:25,107.148.86.93,70.515358,128.413222,New Kristen,8509.36,Credit Card,Desktop,food,1
1,4680ad18-fd60-4fc0-a6f5-816c27671844,2024-03-21 06:55:01,76.10.109.114,-84.035302,52.282028,North Loganfurt,2958.85,Debit Card,Desktop,fashion,1
1,9af7eb26-1065-4561-a469-1684116a7640,2024-09-05 13:55:16,205.29.240.75,82.705114,125.858704,New Brittanyhaven,6327.68,Debit Card,Mobile,fashion,1
1,5713a200-1c34-4a0d-9189-a749971a33ae,2024-07-27 09:53:59,97.86.140.200,30.945014,-106.111898,South Alicia,7656.9,Credit Card,Tablet,food,0
1,2d44bb52-36ee-46d1-a153-5d19a58b368f,2024-02-02 12:05:45,118.175.30.106,77.060091,-16.219268,Bridgesview,4783.56,Debit Card,Desktop,entertainment,1
1,72df9ef6-6bec-40c7-ac76-46f603268757,2024-08-17 09:49:23,93.74.12.132,2.955872,-101.214884,Millerfort,398.86,PayPal,Mobile,food,1
1,a2134782-0cb6-4082-b694-5a1805512f1f,2024-09-06 09:50:31,54.216.6.229,-64.858422,-174.827511,Lake Samuel,2644.96,Credit Card,Mobile,electronics,1
1,1d456fd8-9730-4a4f-ae00-d39e4037a97a,2024-09-22 00:46:12,72.30.185.213,-36.0887395,-99.610139,West Teresaburgh,844.41,UPI,Tablet,electronics,1
1,deedbf8f-f9e4-440f-8fab-17e7387bae91,2024-03-17 02:47:41,76.227.7.134,68.6710345,-86.325379,New Tara,1517.13,Net Banking,Mobile,electronics,1
1,7c1f14fd-5c39-4f09-b473-b32944d89770,2024-10-19 14:28:22,28.9.72.242,84.2788795,111.344512,South Vanessa,1343.54,Net Banking,Mobile,entertainment,1
1,42ce205c-71fc-4326-858c-b9876bffc521,2024-04-29 15:39:54,165.102.41.126,-39.5769075,-10.758970,Scotthaven,6938.5,PayPal,Tablet,entertainment,1
1,23c355fa-ff82-42e0-bd9d-e2de4086ae49,2024-07-27 15:59:30,84.78.126.190,65.362080,-47.887215,Luistown,1080.82,Net Banking,Tablet,entertainment,1
1,f78ea57f-36ff-46c4-a324-80b2f99a0798,2024-08-03 00:04:21,77.178.105.160,82.5981925,-48.014449,Lake Jessicaton,6984.96,UPI,Tablet,food,0
1,265fbaf5-3f51-4f57-823b-80609ece80f3,2024-06-05 07:11:37,103.166.196.149,9.187067,133.705064,Ellenfort,6086.16,UPI,Mobile,grocery,0
1,4e4aef30-5d9d-490b-a936-ef5e7ea5ce2d,2024-10-27 15:06:26,28.101.179.22,24.1195775,-59.519781,Josephview,4353.06,PayPal,Desktop,electronics,1
1,752b1b85-f7d0-4afb-bd9e-f718d26dd798,2024-04-17 15:43:10,180.127.25.124,-89.387597,153.585452,Hartton,9492.26,UPI,Mobile,grocery,1
1,011dba0f-9c97-4b9f-959e-b0736badff99,2024-08-05 19:33:56,146.147.177.18,-77.1558485,70.594130,South Meganview,3123.71,UPI,Mobile,electronics,1
1,fdffe3a3-be9e-4903-a8e7-d607398c4c1b,2024-02-02 21:14:04,135.157.66.246,15.6006255,-120.228494,Harrismouth,8600.71,Net Banking,Tablet,food,0
1,4637e20c-eb30-4d22-bbbc-4a52d70215cf,2024-02-13 22:36:46,114.252.24.54,78.6783765,-168.276003,Adamsville,7859.0,Debit Card,Mobile,fashion,1
1,a5a565a6-4462-4ec5-87a9-9d14d8b0c152,2024-03-30 09:55:32,150.128.37.32,22.6797325,-156.164954,Crawfordchester,7434.16,Credit Card,Mobile,fashion,1
1,94649d67-6873-4c92-8101-5bade7c8ad9a,2024-04-12 01:18:59,168.20.122.215,50.522833,-140.075885,Rachelville,2923.84,Credit Card,Tablet,entertainment,0
1,24d91e65-18d3-4be1-a72b-5803770e8e20,2024-04-27 19:20:03,57.57.104.57,-40.549763,-84.597746,Jenkinsburgh,1185.15,Credit Card,Desktop,fashion,0
1,8d03f963-3fa6-4f7c-bd2d-dd56e1330cea,2024-10-23 16:49:21,155.253.27.118,-60.3820355,88.110839,Leonhaven,7085.61,PayPal,Desktop,grocery,1
1,62136fe8-ec2f-4442-bfeb-c232e236d3e1,2024-01-21 04:11:10,62.134.6.35,11.829057,124.835794,New Alan,1579.24,PayPal,Desktop,grocery,0
1,bdb322c4-4039-4f80-bea1-318dcac2e04f,2024-02-16 08:24:38,33.10.112.16,-15.8571855,-162.190351,Port Codyfurt,6823.28,PayPal,Mobile,grocery,0
1,b0cf0863-27bb-4ac1-8768-4be3cd410beb,2024-05-07 15:16:52,161.140.202.153,57.6784295,-163.103767,West Zachary,7283.96,Net Banking,Desktop,grocery,0
1,275312bb-e193-4c79-b3ec-d433708462e6,2024-12-01 23:12:47,155.144.168.45,-76.415285,-83.448386,Port Michaelborough,6512.68,Net Banking,Tablet,food,1
1,b41a811f-c93f-4d47-a4de-601582472bc5,2024-05-12 15:27:48,94.182.6.202,42.806990,144.728890,South Donna,4419.54,Credit Card,Mobile,electronics,0
1,65420af3-6fab-4b46-898e-eb3bf0ca31b5,2024-11-04 12:59:15,211.8.141.176,-69.4891705,27.647560,Cainton,4467.29,Debit Card,Tablet,electronics,0
1,ca3a0e71-4407-4192-a2b2-e9b8a1e29a76,2024-12-03 10:28:01,139.202.147.50,-22.3371965,120.616992,North Timothychester,2902.1,Debit Card,Desktop,fashion,0
1,fec70447-81c9-4943-929c-e9546bf6af88,2024-12-07 09:00:46,113.184.0.63,27.294837,-57.705940,East Theresaport,7066.4,Credit Card,Desktop,food,0
1,480eb670-1a76-4027-ab57-d7aa4e116d44,2024-11-10 02:45:05,2.122.116.18,-73.055248,-74.609650,Annahaven,3414.07,Net Banking,Mobile,grocery,0
1,152d83b7-8387-40cf-91ae-a62e5f30df7b,2024-11-22 22:41:08,177.243.79.48,-27.110350,-62.831334,Port Michaelberg,9514.49,UPI,Tablet,food,1
1,58997b3d-86dd-440e-8744-b2b8ee644e5b,2024-03-04 06:27:03,99.224.103.82,-53.703147,-143.118895,Kellyfurt,5855.15,Debit Card,Desktop,fashion,0
1,551af294-ad71-4c8d-8cae-b32145cab185,2024-06-18 20:06:17,211.56.42.53,48.7431005,43.667101,Lake Suzanneborough,8742.41,Credit Card,Desktop,entertainment,0
